[0.006s] Invoking command in '/home/zhr/YOPO-ROS2/Controller/build/quadrotor_msgs': CMAKE_PREFIX_PATH=${CMAKE_PREFIX_PATH}:/opt/ros/jazzy DEBUGINFOD_URLS=https://debuginfod.ubuntu.com /usr/bin/cmake /home/zhr/YOPO-ROS2/Controller/src/utils/quadrotor_msgs -DCMAKE_INSTALL_PREFIX=/home/zhr/YOPO-ROS2/Controller/install/quadrotor_msgs
[0.032s] -- The C compiler identification is GNU 13.3.0
[0.058s] -- The CXX compiler identification is GNU 13.3.0
[0.066s] -- Detecting C compiler ABI info
[0.106s] -- Detecting C compiler ABI info - done
[0.110s] -- Check for working C compiler: /usr/bin/cc - skipped
[0.110s] -- Detecting C compile features
[0.111s] -- Detecting C compile features - done
[0.115s] -- Detecting CXX compiler ABI info
[0.160s] -- Detecting CXX compiler ABI info - done
[0.165s] -- Check for working CXX compiler: /usr/bin/c++ - skipped
[0.165s] -- Detecting CXX compile features
[0.165s] -- Detecting CXX compile features - done
[0.166s] -- Found ament_cmake: 2.5.5 (/opt/ros/jazzy/share/ament_cmake/cmake)
[0.238s] -- Found Python3: /usr/bin/python3 (found version "3.12.3") found components: Interpreter 
[0.285s] -- Found builtin_interfaces: 2.0.3 (/opt/ros/jazzy/share/builtin_interfaces/cmake)
[0.300s] -- Found rosidl_generator_c: 4.6.7 (/opt/ros/jazzy/share/rosidl_generator_c/cmake)
[0.307s] -- Found rosidl_generator_cpp: 4.6.7 (/opt/ros/jazzy/share/rosidl_generator_cpp/cmake)
[0.314s] -- Using all available rosidl_typesupport_c: rosidl_typesupport_fastrtps_c;rosidl_typesupport_introspection_c
[0.322s] -- Using all available rosidl_typesupport_cpp: rosidl_typesupport_fastrtps_cpp;rosidl_typesupport_introspection_cpp
[0.328s] -- Found geometry_msgs: 5.3.6 (/opt/ros/jazzy/share/geometry_msgs/cmake)
[0.344s] -- Found nav_msgs: 5.3.6 (/opt/ros/jazzy/share/nav_msgs/cmake)
[0.364s] -- Found rosidl_default_generators: 1.6.0 (/opt/ros/jazzy/share/rosidl_default_generators/cmake)
[0.369s] -- Found rosidl_adapter: 4.6.7 (/opt/ros/jazzy/share/rosidl_adapter/cmake)
[0.727s] -- Found ament_cmake_ros: 0.12.0 (/opt/ros/jazzy/share/ament_cmake_ros/cmake)
[1.156s] -- Using all available rosidl_typesupport_c: rosidl_typesupport_fastrtps_c;rosidl_typesupport_introspection_c
[1.329s] -- Using all available rosidl_typesupport_cpp: rosidl_typesupport_fastrtps_cpp;rosidl_typesupport_introspection_cpp
[1.331s] -- Found python_cmake_module: 0.11.1 (/opt/ros/jazzy/share/python_cmake_module/cmake)
[1.401s] -- Found PythonExtra: /usr/bin/python3  
[1.702s] -- Found Python3: /usr/bin/python3 (found version "3.12.3") found components: Interpreter Development NumPy Development.Module Development.Embed 
[1.739s] -- Configuring done (1.7s)
[1.771s] -- Generating done (0.0s)
[1.778s] -- Build files have been written to: /home/zhr/YOPO-ROS2/Controller/build/quadrotor_msgs
[1.786s] Invoked command in '/home/zhr/YOPO-ROS2/Controller/build/quadrotor_msgs' returned '0': CMAKE_PREFIX_PATH=${CMAKE_PREFIX_PATH}:/opt/ros/jazzy DEBUGINFOD_URLS=https://debuginfod.ubuntu.com /usr/bin/cmake /home/zhr/YOPO-ROS2/Controller/src/utils/quadrotor_msgs -DCMAKE_INSTALL_PREFIX=/home/zhr/YOPO-ROS2/Controller/install/quadrotor_msgs
[1.787s] Invoking command in '/home/zhr/YOPO-ROS2/Controller/build/quadrotor_msgs': CMAKE_PREFIX_PATH=${CMAKE_PREFIX_PATH}:/opt/ros/jazzy DEBUGINFOD_URLS=https://debuginfod.ubuntu.com /usr/bin/cmake --build /home/zhr/YOPO-ROS2/Controller/build/quadrotor_msgs -- -j32 -l32
[1.814s] [  1%] [34m[1mGenerating type hashes for ROS interfaces[0m
[1.819s] [  1%] Built target ament_cmake_python_copy_quadrotor_msgs
[1.905s] running egg_info
[1.906s] creating quadrotor_msgs.egg-info
[1.912s] writing quadrotor_msgs.egg-info/PKG-INFO
[1.912s] writing dependency_links to quadrotor_msgs.egg-info/dependency_links.txt
[1.912s] writing top-level names to quadrotor_msgs.egg-info/top_level.txt
[1.912s] writing manifest file 'quadrotor_msgs.egg-info/SOURCES.txt'
[1.931s] reading manifest file 'quadrotor_msgs.egg-info/SOURCES.txt'
[1.931s] writing manifest file 'quadrotor_msgs.egg-info/SOURCES.txt'
[1.947s] [  1%] Built target ament_cmake_python_build_quadrotor_msgs_egg
[2.110s] [  1%] Built target quadrotor_msgs__rosidl_generator_type_description
[2.116s] [  2%] [34m[1mGenerating C code for ROS interfaces[0m
[2.122s] [  2%] [34m[1mGenerating C++ code for ROS interfaces[0m
[2.637s] [  2%] Built target quadrotor_msgs__cpp
[2.743s] [  3%] [32mBuilding C object CMakeFiles/quadrotor_msgs__rosidl_generator_c.dir/rosidl_generator_c/quadrotor_msgs/msg/detail/position_command__description.c.o[0m
[2.744s] [  3%] [32mBuilding C object CMakeFiles/quadrotor_msgs__rosidl_generator_c.dir/rosidl_generator_c/quadrotor_msgs/msg/detail/gains__functions.c.o[0m
[2.744s] [  3%] [32mBuilding C object CMakeFiles/quadrotor_msgs__rosidl_generator_c.dir/rosidl_generator_c/quadrotor_msgs/msg/detail/aux_command__type_support.c.o[0m
[2.744s] [  3%] [32mBuilding C object CMakeFiles/quadrotor_msgs__rosidl_generator_c.dir/rosidl_generator_c/quadrotor_msgs/msg/detail/corrections__type_support.c.o[0m
[2.744s] [  3%] [32mBuilding C object CMakeFiles/quadrotor_msgs__rosidl_generator_c.dir/rosidl_generator_c/quadrotor_msgs/msg/detail/output_data__functions.c.o[0m
[2.744s] [  4%] [32mBuilding C object CMakeFiles/quadrotor_msgs__rosidl_generator_c.dir/rosidl_generator_c/quadrotor_msgs/msg/detail/aux_command__functions.c.o[0m
[2.744s] [  3%] [32mBuilding C object CMakeFiles/quadrotor_msgs__rosidl_generator_c.dir/rosidl_generator_c/quadrotor_msgs/msg/detail/aux_command__description.c.o[0m
[2.744s] [  8%] [32mBuilding C object CMakeFiles/quadrotor_msgs__rosidl_generator_c.dir/rosidl_generator_c/quadrotor_msgs/msg/detail/corrections__functions.c.o[0m
[2.744s] [  8%] [32mBuilding C object CMakeFiles/quadrotor_msgs__rosidl_generator_c.dir/rosidl_generator_c/quadrotor_msgs/msg/detail/output_data__description.c.o[0m
[2.744s] [  8%] [32mBuilding C object CMakeFiles/quadrotor_msgs__rosidl_generator_c.dir/rosidl_generator_c/quadrotor_msgs/msg/detail/gains__type_support.c.o[0m
[2.744s] [  8%] [32mBuilding C object CMakeFiles/quadrotor_msgs__rosidl_generator_c.dir/rosidl_generator_c/quadrotor_msgs/msg/detail/ppr_output_data__description.c.o[0m
[2.744s] [  8%] [32mBuilding C object CMakeFiles/quadrotor_msgs__rosidl_generator_c.dir/rosidl_generator_c/quadrotor_msgs/msg/detail/position_command__functions.c.o[0m
[2.744s] [  8%] [32mBuilding C object CMakeFiles/quadrotor_msgs__rosidl_generator_c.dir/rosidl_generator_c/quadrotor_msgs/msg/detail/output_data__type_support.c.o[0m
[2.745s] [ 10%] [32mBuilding C object CMakeFiles/quadrotor_msgs__rosidl_generator_c.dir/rosidl_generator_c/quadrotor_msgs/msg/detail/corrections__description.c.o[0m
[2.745s] [ 10%] [32mBuilding C object CMakeFiles/quadrotor_msgs__rosidl_generator_c.dir/rosidl_generator_c/quadrotor_msgs/msg/detail/gains__description.c.o[0m
[2.745s] [ 11%] [32mBuilding C object CMakeFiles/quadrotor_msgs__rosidl_generator_c.dir/rosidl_generator_c/quadrotor_msgs/msg/detail/ppr_output_data__functions.c.o[0m
[2.745s] [ 11%] [32mBuilding C object CMakeFiles/quadrotor_msgs__rosidl_generator_c.dir/rosidl_generator_c/quadrotor_msgs/msg/detail/ppr_output_data__type_support.c.o[0m
[2.745s] [ 12%] [32mBuilding C object CMakeFiles/quadrotor_msgs__rosidl_generator_c.dir/rosidl_generator_c/quadrotor_msgs/msg/detail/position_command__type_support.c.o[0m
[2.745s] [ 13%] [32mBuilding C object CMakeFiles/quadrotor_msgs__rosidl_generator_c.dir/rosidl_generator_c/quadrotor_msgs/msg/detail/serial__description.c.o[0m
[2.746s] [ 14%] [32mBuilding C object CMakeFiles/quadrotor_msgs__rosidl_generator_c.dir/rosidl_generator_c/quadrotor_msgs/msg/detail/serial__functions.c.o[0m
[2.747s] [ 15%] [32mBuilding C object CMakeFiles/quadrotor_msgs__rosidl_generator_c.dir/rosidl_generator_c/quadrotor_msgs/msg/detail/serial__type_support.c.o[0m
[2.747s] [ 16%] [32mBuilding C object CMakeFiles/quadrotor_msgs__rosidl_generator_c.dir/rosidl_generator_c/quadrotor_msgs/msg/detail/so3_command__type_support.c.o[0m
[2.748s] [ 16%] [32mBuilding C object CMakeFiles/quadrotor_msgs__rosidl_generator_c.dir/rosidl_generator_c/quadrotor_msgs/msg/detail/so3_command__description.c.o[0m
[2.748s] [ 17%] [32mBuilding C object CMakeFiles/quadrotor_msgs__rosidl_generator_c.dir/rosidl_generator_c/quadrotor_msgs/msg/detail/so3_command__functions.c.o[0m
[2.748s] [ 17%] [32mBuilding C object CMakeFiles/quadrotor_msgs__rosidl_generator_c.dir/rosidl_generator_c/quadrotor_msgs/msg/detail/status_data__description.c.o[0m
[2.758s] [ 19%] [32mBuilding C object CMakeFiles/quadrotor_msgs__rosidl_generator_c.dir/rosidl_generator_c/quadrotor_msgs/msg/detail/odometry__functions.c.o[0m
[2.758s] [ 19%] [32mBuilding C object CMakeFiles/quadrotor_msgs__rosidl_generator_c.dir/rosidl_generator_c/quadrotor_msgs/msg/detail/trpy_command__type_support.c.o[0m
[2.758s] [ 19%] [32mBuilding C object CMakeFiles/quadrotor_msgs__rosidl_generator_c.dir/rosidl_generator_c/quadrotor_msgs/msg/detail/odometry__description.c.o[0m
[2.758s] [ 19%] [32mBuilding C object CMakeFiles/quadrotor_msgs__rosidl_generator_c.dir/rosidl_generator_c/quadrotor_msgs/msg/detail/status_data__functions.c.o[0m
[2.760s] [ 20%] [32mBuilding C object CMakeFiles/quadrotor_msgs__rosidl_generator_c.dir/rosidl_generator_c/quadrotor_msgs/msg/detail/status_data__type_support.c.o[0m
[2.771s] [ 21%] [32mBuilding C object CMakeFiles/quadrotor_msgs__rosidl_generator_c.dir/rosidl_generator_c/quadrotor_msgs/msg/detail/trpy_command__functions.c.o[0m
[2.771s] [ 21%] [32mBuilding C object CMakeFiles/quadrotor_msgs__rosidl_generator_c.dir/rosidl_generator_c/quadrotor_msgs/msg/detail/trpy_command__description.c.o[0m
[2.780s] [ 22%] [32mBuilding C object CMakeFiles/quadrotor_msgs__rosidl_generator_c.dir/rosidl_generator_c/quadrotor_msgs/msg/detail/odometry__type_support.c.o[0m
[2.780s] [ 22%] [32mBuilding C object CMakeFiles/quadrotor_msgs__rosidl_generator_c.dir/rosidl_generator_c/quadrotor_msgs/msg/detail/polynomial_trajectory__functions.c.o[0m
[2.782s] [ 23%] [32mBuilding C object CMakeFiles/quadrotor_msgs__rosidl_generator_c.dir/rosidl_generator_c/quadrotor_msgs/msg/detail/polynomial_trajectory__type_support.c.o[0m
[2.782s] [ 24%] [32mBuilding C object CMakeFiles/quadrotor_msgs__rosidl_generator_c.dir/rosidl_generator_c/quadrotor_msgs/msg/detail/polynomial_trajectory__description.c.o[0m
[2.782s] [ 26%] [32mBuilding C object CMakeFiles/quadrotor_msgs__rosidl_generator_c.dir/rosidl_generator_c/quadrotor_msgs/msg/detail/lqr_trajectory__description.c.o[0m
[2.782s] [ 26%] [32mBuilding C object CMakeFiles/quadrotor_msgs__rosidl_generator_c.dir/rosidl_generator_c/quadrotor_msgs/msg/detail/lqr_trajectory__functions.c.o[0m
[2.782s] [ 27%] [32mBuilding C object CMakeFiles/quadrotor_msgs__rosidl_generator_c.dir/rosidl_generator_c/quadrotor_msgs/msg/detail/lqr_trajectory__type_support.c.o[0m
[2.782s] [ 27%] [32mBuilding C object CMakeFiles/quadrotor_msgs__rosidl_generator_c.dir/rosidl_generator_c/quadrotor_msgs/srv/detail/set_takeoff_land__functions.c.o[0m
[2.782s] [ 27%] [32mBuilding C object CMakeFiles/quadrotor_msgs__rosidl_generator_c.dir/rosidl_generator_c/quadrotor_msgs/srv/detail/set_takeoff_land__type_support.c.o[0m
[2.782s] [ 27%] [32mBuilding C object CMakeFiles/quadrotor_msgs__rosidl_generator_c.dir/rosidl_generator_c/quadrotor_msgs/srv/detail/set_takeoff_land__description.c.o[0m
[2.824s] [ 27%] [32m[1mLinking C shared library libquadrotor_msgs__rosidl_generator_c.so[0m
[2.847s] [ 27%] Built target quadrotor_msgs__rosidl_generator_c
[2.853s] [ 28%] [34m[1mGenerating C++ introspection for ROS interfaces[0m
[2.853s] [ 30%] [34m[1mGenerating C++ type support for eProsima Fast-RTPS[0m
[2.853s] [ 30%] [34m[1mGenerating C type support dispatch for ROS interfaces[0m
[2.853s] [ 30%] [34m[1mGenerating C type support for eProsima Fast-RTPS[0m
[2.853s] [ 30%] [34m[1mGenerating C introspection for ROS interfaces[0m
[2.853s] [ 30%] [34m[1mGenerating C++ type support dispatch for ROS interfaces[0m
[3.303s] [ 31%] [32mBuilding CXX object CMakeFiles/quadrotor_msgs__rosidl_typesupport_c.dir/rosidl_typesupport_c/quadrotor_msgs/msg/aux_command__type_support.cpp.o[0m
[3.303s] [ 32%] [32mBuilding CXX object CMakeFiles/quadrotor_msgs__rosidl_typesupport_c.dir/rosidl_typesupport_c/quadrotor_msgs/msg/corrections__type_support.cpp.o[0m
[3.304s] [ 33%] [32mBuilding CXX object CMakeFiles/quadrotor_msgs__rosidl_typesupport_c.dir/rosidl_typesupport_c/quadrotor_msgs/msg/gains__type_support.cpp.o[0m
[3.304s] [ 33%] [32mBuilding CXX object CMakeFiles/quadrotor_msgs__rosidl_typesupport_c.dir/rosidl_typesupport_c/quadrotor_msgs/msg/position_command__type_support.cpp.o[0m
[3.304s] [ 33%] [32mBuilding CXX object CMakeFiles/quadrotor_msgs__rosidl_typesupport_c.dir/rosidl_typesupport_c/quadrotor_msgs/msg/ppr_output_data__type_support.cpp.o[0m
[3.304s] [ 34%] [32mBuilding CXX object CMakeFiles/quadrotor_msgs__rosidl_typesupport_c.dir/rosidl_typesupport_c/quadrotor_msgs/msg/serial__type_support.cpp.o[0m
[3.304s] [ 34%] [32mBuilding CXX object CMakeFiles/quadrotor_msgs__rosidl_typesupport_c.dir/rosidl_typesupport_c/quadrotor_msgs/msg/so3_command__type_support.cpp.o[0m
[3.305s] [ 34%] [32mBuilding CXX object CMakeFiles/quadrotor_msgs__rosidl_typesupport_c.dir/rosidl_typesupport_c/quadrotor_msgs/msg/lqr_trajectory__type_support.cpp.o[0m
[3.305s] [ 35%] [32mBuilding CXX object CMakeFiles/quadrotor_msgs__rosidl_typesupport_c.dir/rosidl_typesupport_c/quadrotor_msgs/msg/odometry__type_support.cpp.o[0m
[3.305s] [ 38%] [32mBuilding CXX object CMakeFiles/quadrotor_msgs__rosidl_typesupport_c.dir/rosidl_typesupport_c/quadrotor_msgs/msg/trpy_command__type_support.cpp.o[0m
[3.305s] [ 38%] [32mBuilding CXX object CMakeFiles/quadrotor_msgs__rosidl_typesupport_c.dir/rosidl_typesupport_c/quadrotor_msgs/msg/status_data__type_support.cpp.o[0m
[3.305s] [ 38%] [32mBuilding CXX object CMakeFiles/quadrotor_msgs__rosidl_typesupport_c.dir/rosidl_typesupport_c/quadrotor_msgs/msg/polynomial_trajectory__type_support.cpp.o[0m
[3.305s] [ 38%] [32mBuilding CXX object CMakeFiles/quadrotor_msgs__rosidl_typesupport_c.dir/rosidl_typesupport_c/quadrotor_msgs/msg/output_data__type_support.cpp.o[0m
[3.305s] [ 39%] [32mBuilding CXX object CMakeFiles/quadrotor_msgs__rosidl_typesupport_c.dir/rosidl_typesupport_c/quadrotor_msgs/srv/set_takeoff_land__type_support.cpp.o[0m
[3.335s] [ 39%] [32m[1mLinking CXX shared library libquadrotor_msgs__rosidl_typesupport_c.so[0m
[3.358s] [ 39%] Built target quadrotor_msgs__rosidl_typesupport_c
[3.367s] [ 42%] [32mBuilding CXX object CMakeFiles/quadrotor_msgs__rosidl_typesupport_cpp.dir/rosidl_typesupport_cpp/quadrotor_msgs/msg/status_data__type_support.cpp.o[0m
[3.367s] [ 42%] [32mBuilding CXX object CMakeFiles/quadrotor_msgs__rosidl_typesupport_cpp.dir/rosidl_typesupport_cpp/quadrotor_msgs/msg/gains__type_support.cpp.o[0m
[3.367s] [ 42%] [32mBuilding CXX object CMakeFiles/quadrotor_msgs__rosidl_typesupport_cpp.dir/rosidl_typesupport_cpp/quadrotor_msgs/msg/output_data__type_support.cpp.o[0m
[3.367s] [ 42%] [32mBuilding CXX object CMakeFiles/quadrotor_msgs__rosidl_typesupport_cpp.dir/rosidl_typesupport_cpp/quadrotor_msgs/msg/position_command__type_support.cpp.o[0m
[3.367s] [ 42%] [32mBuilding CXX object CMakeFiles/quadrotor_msgs__rosidl_typesupport_cpp.dir/rosidl_typesupport_cpp/quadrotor_msgs/msg/corrections__type_support.cpp.o[0m
[3.367s] [ 42%] [32mBuilding CXX object CMakeFiles/quadrotor_msgs__rosidl_typesupport_cpp.dir/rosidl_typesupport_cpp/quadrotor_msgs/msg/ppr_output_data__type_support.cpp.o[0m
[3.367s] [ 42%] [32mBuilding CXX object CMakeFiles/quadrotor_msgs__rosidl_typesupport_cpp.dir/rosidl_typesupport_cpp/quadrotor_msgs/msg/serial__type_support.cpp.o[0m
[3.367s] [ 44%] [32mBuilding CXX object CMakeFiles/quadrotor_msgs__rosidl_typesupport_cpp.dir/rosidl_typesupport_cpp/quadrotor_msgs/msg/trpy_command__type_support.cpp.o[0m
[3.367s] [ 44%] [32mBuilding CXX object CMakeFiles/quadrotor_msgs__rosidl_typesupport_cpp.dir/rosidl_typesupport_cpp/quadrotor_msgs/msg/aux_command__type_support.cpp.o[0m
[3.367s] [ 45%] [32mBuilding CXX object CMakeFiles/quadrotor_msgs__rosidl_typesupport_cpp.dir/rosidl_typesupport_cpp/quadrotor_msgs/msg/odometry__type_support.cpp.o[0m
[3.368s] [ 45%] [32mBuilding CXX object CMakeFiles/quadrotor_msgs__rosidl_typesupport_cpp.dir/rosidl_typesupport_cpp/quadrotor_msgs/msg/so3_command__type_support.cpp.o[0m
[3.368s] [ 46%] [32mBuilding CXX object CMakeFiles/quadrotor_msgs__rosidl_typesupport_cpp.dir/rosidl_typesupport_cpp/quadrotor_msgs/msg/lqr_trajectory__type_support.cpp.o[0m
[3.368s] [ 47%] [32mBuilding CXX object CMakeFiles/quadrotor_msgs__rosidl_typesupport_cpp.dir/rosidl_typesupport_cpp/quadrotor_msgs/msg/polynomial_trajectory__type_support.cpp.o[0m
[3.368s] [ 47%] [32mBuilding CXX object CMakeFiles/quadrotor_msgs__rosidl_typesupport_cpp.dir/rosidl_typesupport_cpp/quadrotor_msgs/srv/set_takeoff_land__type_support.cpp.o[0m
[3.468s] [ 48%] [32mBuilding CXX object CMakeFiles/quadrotor_msgs__rosidl_typesupport_introspection_cpp.dir/rosidl_typesupport_introspection_cpp/quadrotor_msgs/msg/detail/serial__type_support.cpp.o[0m
[3.468s] [ 49%] [32mBuilding CXX object CMakeFiles/quadrotor_msgs__rosidl_typesupport_introspection_cpp.dir/rosidl_typesupport_introspection_cpp/quadrotor_msgs/msg/detail/aux_command__type_support.cpp.o[0m
[3.468s] [ 48%] [32mBuilding CXX object CMakeFiles/quadrotor_msgs__rosidl_typesupport_introspection_cpp.dir/rosidl_typesupport_introspection_cpp/quadrotor_msgs/msg/detail/output_data__type_support.cpp.o[0m
[3.468s] [ 48%] [32mBuilding CXX object CMakeFiles/quadrotor_msgs__rosidl_typesupport_introspection_cpp.dir/rosidl_typesupport_introspection_cpp/quadrotor_msgs/msg/detail/corrections__type_support.cpp.o[0m
[3.468s] [ 48%] [32mBuilding CXX object CMakeFiles/quadrotor_msgs__rosidl_typesupport_introspection_cpp.dir/rosidl_typesupport_introspection_cpp/quadrotor_msgs/msg/detail/polynomial_trajectory__type_support.cpp.o[0m
[3.468s] [ 51%] [32mBuilding CXX object CMakeFiles/quadrotor_msgs__rosidl_typesupport_introspection_cpp.dir/rosidl_typesupport_introspection_cpp/quadrotor_msgs/msg/detail/position_command__type_support.cpp.o[0m
[3.468s] [ 54%] [32mBuilding CXX object CMakeFiles/quadrotor_msgs__rosidl_typesupport_introspection_cpp.dir/rosidl_typesupport_introspection_cpp/quadrotor_msgs/msg/detail/trpy_command__type_support.cpp.o[0m
[3.468s] [ 54%] [32mBuilding CXX object CMakeFiles/quadrotor_msgs__rosidl_typesupport_introspection_cpp.dir/rosidl_typesupport_introspection_cpp/quadrotor_msgs/msg/detail/odometry__type_support.cpp.o[0m
[3.469s] [ 51%] [32mBuilding CXX object CMakeFiles/quadrotor_msgs__rosidl_typesupport_introspection_cpp.dir/rosidl_typesupport_introspection_cpp/quadrotor_msgs/srv/detail/set_takeoff_land__type_support.cpp.o[0m
[3.470s] [ 54%] [32mBuilding CXX object CMakeFiles/quadrotor_msgs__rosidl_typesupport_introspection_cpp.dir/rosidl_typesupport_introspection_cpp/quadrotor_msgs/msg/detail/ppr_output_data__type_support.cpp.o[0m
[3.470s] [ 54%] [32mBuilding CXX object CMakeFiles/quadrotor_msgs__rosidl_typesupport_introspection_cpp.dir/rosidl_typesupport_introspection_cpp/quadrotor_msgs/msg/detail/status_data__type_support.cpp.o[0m
[3.470s] [ 55%] [32mBuilding CXX object CMakeFiles/quadrotor_msgs__rosidl_typesupport_introspection_cpp.dir/rosidl_typesupport_introspection_cpp/quadrotor_msgs/msg/detail/lqr_trajectory__type_support.cpp.o[0m
[3.470s] [ 54%] [32mBuilding CXX object CMakeFiles/quadrotor_msgs__rosidl_typesupport_introspection_cpp.dir/rosidl_typesupport_introspection_cpp/quadrotor_msgs/msg/detail/so3_command__type_support.cpp.o[0m
[3.470s] [ 54%] [32mBuilding CXX object CMakeFiles/quadrotor_msgs__rosidl_typesupport_introspection_cpp.dir/rosidl_typesupport_introspection_cpp/quadrotor_msgs/msg/detail/gains__type_support.cpp.o[0m
[3.613s] [ 57%] [32mBuilding C object CMakeFiles/quadrotor_msgs__rosidl_typesupport_introspection_c.dir/rosidl_typesupport_introspection_c/quadrotor_msgs/msg/detail/gains__type_support.c.o[0m
[3.613s] [ 58%] [32mBuilding C object CMakeFiles/quadrotor_msgs__rosidl_typesupport_introspection_c.dir/rosidl_typesupport_introspection_c/quadrotor_msgs/msg/detail/position_command__type_support.c.o[0m
[3.613s] [ 60%] [32mBuilding C object CMakeFiles/quadrotor_msgs__rosidl_typesupport_introspection_c.dir/rosidl_typesupport_introspection_c/quadrotor_msgs/msg/detail/status_data__type_support.c.o[0m
[3.613s] [ 62%] [32mBuilding C object CMakeFiles/quadrotor_msgs__rosidl_typesupport_introspection_c.dir/rosidl_typesupport_introspection_c/quadrotor_msgs/msg/detail/trpy_command__type_support.c.o[0m
[3.613s] [ 62%] [32mBuilding C object CMakeFiles/quadrotor_msgs__rosidl_typesupport_introspection_c.dir/rosidl_typesupport_introspection_c/quadrotor_msgs/msg/detail/corrections__type_support.c.o[0m
[3.614s] [ 62%] [32mBuilding C object CMakeFiles/quadrotor_msgs__rosidl_typesupport_introspection_c.dir/rosidl_typesupport_introspection_c/quadrotor_msgs/msg/detail/output_data__type_support.c.o[0m
[3.614s] [ 63%] [32mBuilding C object CMakeFiles/quadrotor_msgs__rosidl_typesupport_introspection_c.dir/rosidl_typesupport_introspection_c/quadrotor_msgs/msg/detail/lqr_trajectory__type_support.c.o[0m
[3.615s] [ 64%] [32mBuilding C object CMakeFiles/quadrotor_msgs__rosidl_typesupport_introspection_c.dir/rosidl_typesupport_introspection_c/quadrotor_msgs/srv/detail/set_takeoff_land__type_support.c.o[0m
[3.616s] [ 63%] [32mBuilding C object CMakeFiles/quadrotor_msgs__rosidl_typesupport_introspection_c.dir/rosidl_typesupport_introspection_c/quadrotor_msgs/msg/detail/polynomial_trajectory__type_support.c.o[0m
[3.616s] [ 62%] [32mBuilding C object CMakeFiles/quadrotor_msgs__rosidl_typesupport_introspection_c.dir/rosidl_typesupport_introspection_c/quadrotor_msgs/msg/detail/serial__type_support.c.o[0m
[3.616s] [ 63%] [32mBuilding C object CMakeFiles/quadrotor_msgs__rosidl_typesupport_introspection_c.dir/rosidl_typesupport_introspection_c/quadrotor_msgs/msg/detail/odometry__type_support.c.o[0m
[3.617s] [ 63%] [32mBuilding C object CMakeFiles/quadrotor_msgs__rosidl_typesupport_introspection_c.dir/rosidl_typesupport_introspection_c/quadrotor_msgs/msg/detail/ppr_output_data__type_support.c.o[0m
[3.619s] [ 62%] [32mBuilding C object CMakeFiles/quadrotor_msgs__rosidl_typesupport_introspection_c.dir/rosidl_typesupport_introspection_c/quadrotor_msgs/msg/detail/so3_command__type_support.c.o[0m
[3.621s] [ 62%] [32mBuilding C object CMakeFiles/quadrotor_msgs__rosidl_typesupport_introspection_c.dir/rosidl_typesupport_introspection_c/quadrotor_msgs/msg/detail/aux_command__type_support.c.o[0m
[3.623s] [ 65%] [32mBuilding CXX object CMakeFiles/quadrotor_msgs__rosidl_typesupport_fastrtps_cpp.dir/rosidl_typesupport_fastrtps_cpp/quadrotor_msgs/msg/detail/dds_fastrtps/aux_command__type_support.cpp.o[0m
[3.630s] [ 65%] [32mBuilding CXX object CMakeFiles/quadrotor_msgs__rosidl_typesupport_fastrtps_cpp.dir/rosidl_typesupport_fastrtps_cpp/quadrotor_msgs/msg/detail/dds_fastrtps/corrections__type_support.cpp.o[0m
[3.649s] [ 66%] [32mBuilding CXX object CMakeFiles/quadrotor_msgs__rosidl_typesupport_fastrtps_cpp.dir/rosidl_typesupport_fastrtps_cpp/quadrotor_msgs/msg/detail/dds_fastrtps/gains__type_support.cpp.o[0m
[3.656s] [ 67%] [32mBuilding CXX object CMakeFiles/quadrotor_msgs__rosidl_typesupport_fastrtps_cpp.dir/rosidl_typesupport_fastrtps_cpp/quadrotor_msgs/msg/detail/dds_fastrtps/position_command__type_support.cpp.o[0m
[3.658s] [ 67%] [32mBuilding CXX object CMakeFiles/quadrotor_msgs__rosidl_typesupport_fastrtps_cpp.dir/rosidl_typesupport_fastrtps_cpp/quadrotor_msgs/msg/detail/dds_fastrtps/output_data__type_support.cpp.o[0m
[3.662s] [ 67%] [32mBuilding CXX object CMakeFiles/quadrotor_msgs__rosidl_typesupport_fastrtps_cpp.dir/rosidl_typesupport_fastrtps_cpp/quadrotor_msgs/msg/detail/dds_fastrtps/serial__type_support.cpp.o[0m
[3.663s] [ 68%] [32mBuilding CXX object CMakeFiles/quadrotor_msgs__rosidl_typesupport_fastrtps_cpp.dir/rosidl_typesupport_fastrtps_cpp/quadrotor_msgs/msg/detail/dds_fastrtps/ppr_output_data__type_support.cpp.o[0m
[3.664s] [ 69%] [32m[1mLinking CXX shared library libquadrotor_msgs__rosidl_typesupport_cpp.so[0m
[3.665s] [ 70%] [32mBuilding CXX object CMakeFiles/quadrotor_msgs__rosidl_typesupport_fastrtps_cpp.dir/rosidl_typesupport_fastrtps_cpp/quadrotor_msgs/msg/detail/dds_fastrtps/so3_command__type_support.cpp.o[0m
[3.668s] [ 71%] [32mBuilding CXX object CMakeFiles/quadrotor_msgs__rosidl_typesupport_fastrtps_cpp.dir/rosidl_typesupport_fastrtps_cpp/quadrotor_msgs/msg/detail/dds_fastrtps/trpy_command__type_support.cpp.o[0m
[3.669s] [ 71%] [32mBuilding CXX object CMakeFiles/quadrotor_msgs__rosidl_typesupport_fastrtps_cpp.dir/rosidl_typesupport_fastrtps_cpp/quadrotor_msgs/msg/detail/dds_fastrtps/status_data__type_support.cpp.o[0m
[3.669s] [ 71%] [32mBuilding CXX object CMakeFiles/quadrotor_msgs__rosidl_typesupport_fastrtps_cpp.dir/rosidl_typesupport_fastrtps_cpp/quadrotor_msgs/msg/detail/dds_fastrtps/polynomial_trajectory__type_support.cpp.o[0m
[3.671s] [ 72%] [32mBuilding CXX object CMakeFiles/quadrotor_msgs__rosidl_typesupport_fastrtps_cpp.dir/rosidl_typesupport_fastrtps_cpp/quadrotor_msgs/msg/detail/dds_fastrtps/lqr_trajectory__type_support.cpp.o[0m
[3.672s] [ 73%] [32mBuilding CXX object CMakeFiles/quadrotor_msgs__rosidl_typesupport_fastrtps_cpp.dir/rosidl_typesupport_fastrtps_cpp/quadrotor_msgs/msg/detail/dds_fastrtps/odometry__type_support.cpp.o[0m
[3.673s] [ 73%] [32m[1mLinking C shared library libquadrotor_msgs__rosidl_typesupport_introspection_c.so[0m
[3.675s] [ 73%] [32mBuilding CXX object CMakeFiles/quadrotor_msgs__rosidl_typesupport_fastrtps_cpp.dir/rosidl_typesupport_fastrtps_cpp/quadrotor_msgs/srv/detail/dds_fastrtps/set_takeoff_land__type_support.cpp.o[0m
[3.719s] [ 73%] Built target quadrotor_msgs__rosidl_typesupport_introspection_c
[3.751s] [ 74%] [32mBuilding CXX object CMakeFiles/quadrotor_msgs__rosidl_typesupport_fastrtps_c.dir/rosidl_typesupport_fastrtps_c/quadrotor_msgs/msg/detail/position_command__type_support_c.cpp.o[0m
[3.751s] [ 76%] [32mBuilding CXX object CMakeFiles/quadrotor_msgs__rosidl_typesupport_fastrtps_c.dir/rosidl_typesupport_fastrtps_c/quadrotor_msgs/msg/detail/aux_command__type_support_c.cpp.o[0m
[3.751s] [ 76%] [32mBuilding CXX object CMakeFiles/quadrotor_msgs__rosidl_typesupport_fastrtps_c.dir/rosidl_typesupport_fastrtps_c/quadrotor_msgs/msg/detail/serial__type_support_c.cpp.o[0m
[3.751s] [ 76%] [32mBuilding CXX object CMakeFiles/quadrotor_msgs__rosidl_typesupport_fastrtps_c.dir/rosidl_typesupport_fastrtps_c/quadrotor_msgs/msg/detail/ppr_output_data__type_support_c.cpp.o[0m
[3.751s] [ 76%] [32mBuilding CXX object CMakeFiles/quadrotor_msgs__rosidl_typesupport_fastrtps_c.dir/rosidl_typesupport_fastrtps_c/quadrotor_msgs/msg/detail/gains__type_support_c.cpp.o[0m
[3.751s] [ 76%] [32mBuilding CXX object CMakeFiles/quadrotor_msgs__rosidl_typesupport_fastrtps_c.dir/rosidl_typesupport_fastrtps_c/quadrotor_msgs/msg/detail/trpy_command__type_support_c.cpp.o[0m
[3.751s] [ 77%] [32mBuilding CXX object CMakeFiles/quadrotor_msgs__rosidl_typesupport_fastrtps_c.dir/rosidl_typesupport_fastrtps_c/quadrotor_msgs/msg/detail/status_data__type_support_c.cpp.o[0m
[3.753s] [ 78%] [32mBuilding CXX object CMakeFiles/quadrotor_msgs__rosidl_typesupport_fastrtps_c.dir/rosidl_typesupport_fastrtps_c/quadrotor_msgs/msg/detail/output_data__type_support_c.cpp.o[0m
[3.753s] [ 78%] [32mBuilding CXX object CMakeFiles/quadrotor_msgs__rosidl_typesupport_fastrtps_c.dir/rosidl_typesupport_fastrtps_c/quadrotor_msgs/msg/detail/so3_command__type_support_c.cpp.o[0m
[3.753s] [ 79%] [32mBuilding CXX object CMakeFiles/quadrotor_msgs__rosidl_typesupport_fastrtps_c.dir/rosidl_typesupport_fastrtps_c/quadrotor_msgs/msg/detail/corrections__type_support_c.cpp.o[0m
[3.753s] [ 80%] [32mBuilding CXX object CMakeFiles/quadrotor_msgs__rosidl_typesupport_fastrtps_c.dir/rosidl_typesupport_fastrtps_c/quadrotor_msgs/msg/detail/odometry__type_support_c.cpp.o[0m
[3.754s] [ 80%] [32mBuilding CXX object CMakeFiles/quadrotor_msgs__rosidl_typesupport_fastrtps_c.dir/rosidl_typesupport_fastrtps_c/quadrotor_msgs/msg/detail/lqr_trajectory__type_support_c.cpp.o[0m
[3.759s] [ 81%] [32mBuilding CXX object CMakeFiles/quadrotor_msgs__rosidl_typesupport_fastrtps_c.dir/rosidl_typesupport_fastrtps_c/quadrotor_msgs/msg/detail/polynomial_trajectory__type_support_c.cpp.o[0m
[3.774s] [ 82%] [32mBuilding CXX object CMakeFiles/quadrotor_msgs__rosidl_typesupport_fastrtps_c.dir/rosidl_typesupport_fastrtps_c/quadrotor_msgs/srv/detail/set_takeoff_land__type_support_c.cpp.o[0m
[3.803s] [ 82%] Built target quadrotor_msgs__rosidl_typesupport_cpp
[3.889s] [ 83%] [32m[1mLinking CXX shared library libquadrotor_msgs__rosidl_typesupport_introspection_cpp.so[0m
[4.072s] [ 83%] Built target quadrotor_msgs__rosidl_typesupport_introspection_cpp
[4.135s] [ 84%] [32m[1mLinking CXX shared library libquadrotor_msgs__rosidl_typesupport_fastrtps_cpp.so[0m
[4.149s] [ 84%] [32m[1mLinking CXX shared library libquadrotor_msgs__rosidl_typesupport_fastrtps_c.so[0m
[4.175s] [ 84%] Built target quadrotor_msgs__rosidl_typesupport_fastrtps_cpp
[4.187s] [ 84%] Built target quadrotor_msgs__rosidl_typesupport_fastrtps_c
[4.197s] [ 84%] Built target quadrotor_msgs
[4.205s] [ 84%] [32mBuilding CXX object CMakeFiles/encode_msgs.dir/src/encode_msgs.cpp.o[0m
[4.206s] [ 85%] [34m[1mGenerating Python code for ROS interfaces[0m
[4.434s] [ 86%] [32m[1mLinking CXX shared library libencode_msgs.so[0m
[4.469s] [ 86%] Built target encode_msgs
[4.478s] [ 86%] [32mBuilding CXX object CMakeFiles/decode_msgs.dir/src/decode_msgs.cpp.o[0m
[5.079s] [ 87%] [32m[1mLinking CXX shared library libdecode_msgs.so[0m
[5.088s] [ 87%] Built target quadrotor_msgs__py
[5.099s] [ 90%] [32mBuilding C object CMakeFiles/quadrotor_msgs__rosidl_generator_py.dir/rosidl_generator_py/quadrotor_msgs/msg/_aux_command_s.c.o[0m
[5.099s] [ 90%] [32mBuilding C object CMakeFiles/quadrotor_msgs__rosidl_generator_py.dir/rosidl_generator_py/quadrotor_msgs/msg/_corrections_s.c.o[0m
[5.099s] [ 90%] [32mBuilding C object CMakeFiles/quadrotor_msgs__rosidl_generator_py.dir/rosidl_generator_py/quadrotor_msgs/msg/_position_command_s.c.o[0m
[5.099s] [ 90%] [32mBuilding C object CMakeFiles/quadrotor_msgs__rosidl_generator_py.dir/rosidl_generator_py/quadrotor_msgs/msg/_serial_s.c.o[0m
[5.099s] [ 90%] [32mBuilding C object CMakeFiles/quadrotor_msgs__rosidl_generator_py.dir/rosidl_generator_py/quadrotor_msgs/msg/_gains_s.c.o[0m
[5.099s] [ 90%] [32mBuilding C object CMakeFiles/quadrotor_msgs__rosidl_generator_py.dir/rosidl_generator_py/quadrotor_msgs/msg/_output_data_s.c.o[0m
[5.099s] [ 91%] [32mBuilding C object CMakeFiles/quadrotor_msgs__rosidl_generator_py.dir/rosidl_generator_py/quadrotor_msgs/msg/_so3_command_s.c.o[0m
[5.100s] [ 92%] [32mBuilding C object CMakeFiles/quadrotor_msgs__rosidl_generator_py.dir/rosidl_generator_py/quadrotor_msgs/msg/_odometry_s.c.o[0m
[5.100s] [ 93%] [32mBuilding C object CMakeFiles/quadrotor_msgs__rosidl_generator_py.dir/rosidl_generator_py/quadrotor_msgs/msg/_lqr_trajectory_s.c.o[0m
[5.102s] [ 95%] [32mBuilding C object CMakeFiles/quadrotor_msgs__rosidl_generator_py.dir/rosidl_generator_py/quadrotor_msgs/msg/_trpy_command_s.c.o[0m
[5.102s] [ 95%] [32mBuilding C object CMakeFiles/quadrotor_msgs__rosidl_generator_py.dir/rosidl_generator_py/quadrotor_msgs/msg/_polynomial_trajectory_s.c.o[0m
[5.102s] [ 96%] [32mBuilding C object CMakeFiles/quadrotor_msgs__rosidl_generator_py.dir/rosidl_generator_py/quadrotor_msgs/srv/_set_takeoff_land_s.c.o[0m
[5.102s] [ 96%] [32mBuilding C object CMakeFiles/quadrotor_msgs__rosidl_generator_py.dir/rosidl_generator_py/quadrotor_msgs/msg/_status_data_s.c.o[0m
[5.102s] [ 96%] [32mBuilding C object CMakeFiles/quadrotor_msgs__rosidl_generator_py.dir/rosidl_generator_py/quadrotor_msgs/msg/_ppr_output_data_s.c.o[0m
[5.129s] [ 96%] Built target decode_msgs
[5.193s] [ 96%] [32m[1mLinking C shared library libquadrotor_msgs__rosidl_generator_py.so[0m
[5.216s] [ 96%] Built target quadrotor_msgs__rosidl_generator_py
[5.225s] [ 97%] [32mBuilding C object CMakeFiles/quadrotor_msgs_s__rosidl_typesupport_c.dir/rosidl_generator_py/quadrotor_msgs/_quadrotor_msgs_s.ep.rosidl_typesupport_c.c.o[0m
[5.225s] [ 98%] [32mBuilding C object CMakeFiles/quadrotor_msgs_s__rosidl_typesupport_introspection_c.dir/rosidl_generator_py/quadrotor_msgs/_quadrotor_msgs_s.ep.rosidl_typesupport_introspection_c.c.o[0m
[5.226s] [ 99%] [32mBuilding C object CMakeFiles/quadrotor_msgs_s__rosidl_typesupport_fastrtps_c.dir/rosidl_generator_py/quadrotor_msgs/_quadrotor_msgs_s.ep.rosidl_typesupport_fastrtps_c.c.o[0m
[5.291s] [100%] [32m[1mLinking C shared module rosidl_generator_py/quadrotor_msgs/quadrotor_msgs_s__rosidl_typesupport_c.so[0m
[5.291s] [100%] [32m[1mLinking C shared module rosidl_generator_py/quadrotor_msgs/quadrotor_msgs_s__rosidl_typesupport_fastrtps_c.so[0m
[5.291s] [100%] [32m[1mLinking C shared module rosidl_generator_py/quadrotor_msgs/quadrotor_msgs_s__rosidl_typesupport_introspection_c.so[0m
[5.306s] [100%] Built target quadrotor_msgs_s__rosidl_typesupport_c
[5.306s] [100%] Built target quadrotor_msgs_s__rosidl_typesupport_introspection_c
[5.307s] [100%] Built target quadrotor_msgs_s__rosidl_typesupport_fastrtps_c
[5.313s] Invoked command in '/home/zhr/YOPO-ROS2/Controller/build/quadrotor_msgs' returned '0': CMAKE_PREFIX_PATH=${CMAKE_PREFIX_PATH}:/opt/ros/jazzy DEBUGINFOD_URLS=https://debuginfod.ubuntu.com /usr/bin/cmake --build /home/zhr/YOPO-ROS2/Controller/build/quadrotor_msgs -- -j32 -l32
[5.314s] Invoking command in '/home/zhr/YOPO-ROS2/Controller/build/quadrotor_msgs': CMAKE_PREFIX_PATH=${CMAKE_PREFIX_PATH}:/opt/ros/jazzy DEBUGINFOD_URLS=https://debuginfod.ubuntu.com /usr/bin/cmake --install /home/zhr/YOPO-ROS2/Controller/build/quadrotor_msgs
[5.318s] -- Install configuration: ""
[5.318s] -- Installing: /home/zhr/YOPO-ROS2/Controller/install/quadrotor_msgs/share/ament_index/resource_index/rosidl_interfaces/quadrotor_msgs
[5.318s] -- Installing: /home/zhr/YOPO-ROS2/Controller/install/quadrotor_msgs/share/quadrotor_msgs/msg/AuxCommand.json
[5.318s] -- Installing: /home/zhr/YOPO-ROS2/Controller/install/quadrotor_msgs/share/quadrotor_msgs/msg/Corrections.json
[5.318s] -- Installing: /home/zhr/YOPO-ROS2/Controller/install/quadrotor_msgs/share/quadrotor_msgs/msg/Gains.json
[5.318s] -- Installing: /home/zhr/YOPO-ROS2/Controller/install/quadrotor_msgs/share/quadrotor_msgs/msg/OutputData.json
[5.318s] -- Installing: /home/zhr/YOPO-ROS2/Controller/install/quadrotor_msgs/share/quadrotor_msgs/msg/PositionCommand.json
[5.318s] -- Installing: /home/zhr/YOPO-ROS2/Controller/install/quadrotor_msgs/share/quadrotor_msgs/msg/PPROutputData.json
[5.318s] -- Installing: /home/zhr/YOPO-ROS2/Controller/install/quadrotor_msgs/share/quadrotor_msgs/msg/Serial.json
[5.318s] -- Installing: /home/zhr/YOPO-ROS2/Controller/install/quadrotor_msgs/share/quadrotor_msgs/msg/SO3Command.json
[5.318s] -- Installing: /home/zhr/YOPO-ROS2/Controller/install/quadrotor_msgs/share/quadrotor_msgs/msg/StatusData.json
[5.318s] -- Installing: /home/zhr/YOPO-ROS2/Controller/install/quadrotor_msgs/share/quadrotor_msgs/msg/TRPYCommand.json
[5.318s] -- Installing: /home/zhr/YOPO-ROS2/Controller/install/quadrotor_msgs/share/quadrotor_msgs/msg/Odometry.json
[5.319s] -- Installing: /home/zhr/YOPO-ROS2/Controller/install/quadrotor_msgs/share/quadrotor_msgs/msg/PolynomialTrajectory.json
[5.319s] -- Installing: /home/zhr/YOPO-ROS2/Controller/install/quadrotor_msgs/share/quadrotor_msgs/msg/LQRTrajectory.json
[5.319s] -- Installing: /home/zhr/YOPO-ROS2/Controller/install/quadrotor_msgs/share/quadrotor_msgs/srv/SetTakeoffLand.json
[5.319s] -- Installing: /home/zhr/YOPO-ROS2/Controller/install/quadrotor_msgs/include/quadrotor_msgs/quadrotor_msgs
[5.319s] -- Installing: /home/zhr/YOPO-ROS2/Controller/install/quadrotor_msgs/include/quadrotor_msgs/quadrotor_msgs/msg
[5.320s] -- Installing: /home/zhr/YOPO-ROS2/Controller/install/quadrotor_msgs/include/quadrotor_msgs/quadrotor_msgs/msg/so3_command.h
[5.320s] -- Installing: /home/zhr/YOPO-ROS2/Controller/install/quadrotor_msgs/include/quadrotor_msgs/quadrotor_msgs/msg/output_data.h
[5.320s] -- Installing: /home/zhr/YOPO-ROS2/Controller/install/quadrotor_msgs/include/quadrotor_msgs/quadrotor_msgs/msg/trpy_command.h
[5.320s] -- Installing: /home/zhr/YOPO-ROS2/Controller/install/quadrotor_msgs/include/quadrotor_msgs/quadrotor_msgs/msg/lqr_trajectory.h
[5.320s] -- Installing: /home/zhr/YOPO-ROS2/Controller/install/quadrotor_msgs/include/quadrotor_msgs/quadrotor_msgs/msg/gains.h
[5.320s] -- Installing: /home/zhr/YOPO-ROS2/Controller/install/quadrotor_msgs/include/quadrotor_msgs/quadrotor_msgs/msg/polynomial_trajectory.h
[5.320s] -- Installing: /home/zhr/YOPO-ROS2/Controller/install/quadrotor_msgs/include/quadrotor_msgs/quadrotor_msgs/msg/detail
[5.320s] -- Installing: /home/zhr/YOPO-ROS2/Controller/install/quadrotor_msgs/include/quadrotor_msgs/quadrotor_msgs/msg/detail/polynomial_trajectory__description.c
[5.320s] -- Installing: /home/zhr/YOPO-ROS2/Controller/install/quadrotor_msgs/include/quadrotor_msgs/quadrotor_msgs/msg/detail/serial__functions.c
[5.320s] -- Installing: /home/zhr/YOPO-ROS2/Controller/install/quadrotor_msgs/include/quadrotor_msgs/quadrotor_msgs/msg/detail/corrections__description.c
[5.320s] -- Installing: /home/zhr/YOPO-ROS2/Controller/install/quadrotor_msgs/include/quadrotor_msgs/quadrotor_msgs/msg/detail/serial__description.c
[5.320s] -- Installing: /home/zhr/YOPO-ROS2/Controller/install/quadrotor_msgs/include/quadrotor_msgs/quadrotor_msgs/msg/detail/position_command__type_support.c
[5.320s] -- Installing: /home/zhr/YOPO-ROS2/Controller/install/quadrotor_msgs/include/quadrotor_msgs/quadrotor_msgs/msg/detail/lqr_trajectory__type_support.h
[5.320s] -- Installing: /home/zhr/YOPO-ROS2/Controller/install/quadrotor_msgs/include/quadrotor_msgs/quadrotor_msgs/msg/detail/position_command__functions.h
[5.320s] -- Installing: /home/zhr/YOPO-ROS2/Controller/install/quadrotor_msgs/include/quadrotor_msgs/quadrotor_msgs/msg/detail/trpy_command__functions.c
[5.320s] -- Installing: /home/zhr/YOPO-ROS2/Controller/install/quadrotor_msgs/include/quadrotor_msgs/quadrotor_msgs/msg/detail/output_data__type_support.c
[5.320s] -- Installing: /home/zhr/YOPO-ROS2/Controller/install/quadrotor_msgs/include/quadrotor_msgs/quadrotor_msgs/msg/detail/odometry__functions.c
[5.320s] -- Installing: /home/zhr/YOPO-ROS2/Controller/install/quadrotor_msgs/include/quadrotor_msgs/quadrotor_msgs/msg/detail/so3_command__type_support.h
[5.320s] -- Installing: /home/zhr/YOPO-ROS2/Controller/install/quadrotor_msgs/include/quadrotor_msgs/quadrotor_msgs/msg/detail/aux_command__functions.h
[5.320s] -- Installing: /home/zhr/YOPO-ROS2/Controller/install/quadrotor_msgs/include/quadrotor_msgs/quadrotor_msgs/msg/detail/lqr_trajectory__type_support.c
[5.320s] -- Installing: /home/zhr/YOPO-ROS2/Controller/install/quadrotor_msgs/include/quadrotor_msgs/quadrotor_msgs/msg/detail/polynomial_trajectory__functions.h
[5.320s] -- Installing: /home/zhr/YOPO-ROS2/Controller/install/quadrotor_msgs/include/quadrotor_msgs/quadrotor_msgs/msg/detail/ppr_output_data__struct.h
[5.320s] -- Installing: /home/zhr/YOPO-ROS2/Controller/install/quadrotor_msgs/include/quadrotor_msgs/quadrotor_msgs/msg/detail/corrections__functions.h
[5.320s] -- Installing: /home/zhr/YOPO-ROS2/Controller/install/quadrotor_msgs/include/quadrotor_msgs/quadrotor_msgs/msg/detail/lqr_trajectory__functions.h
[5.320s] -- Installing: /home/zhr/YOPO-ROS2/Controller/install/quadrotor_msgs/include/quadrotor_msgs/quadrotor_msgs/msg/detail/position_command__functions.c
[5.320s] -- Installing: /home/zhr/YOPO-ROS2/Controller/install/quadrotor_msgs/include/quadrotor_msgs/quadrotor_msgs/msg/detail/lqr_trajectory__functions.c
[5.320s] -- Installing: /home/zhr/YOPO-ROS2/Controller/install/quadrotor_msgs/include/quadrotor_msgs/quadrotor_msgs/msg/detail/trpy_command__type_support.h
[5.320s] -- Installing: /home/zhr/YOPO-ROS2/Controller/install/quadrotor_msgs/include/quadrotor_msgs/quadrotor_msgs/msg/detail/serial__type_support.h
[5.320s] -- Installing: /home/zhr/YOPO-ROS2/Controller/install/quadrotor_msgs/include/quadrotor_msgs/quadrotor_msgs/msg/detail/polynomial_trajectory__functions.c
[5.320s] -- Installing: /home/zhr/YOPO-ROS2/Controller/install/quadrotor_msgs/include/quadrotor_msgs/quadrotor_msgs/msg/detail/status_data__struct.h
[5.320s] -- Installing: /home/zhr/YOPO-ROS2/Controller/install/quadrotor_msgs/include/quadrotor_msgs/quadrotor_msgs/msg/detail/trpy_command__type_support.c
[5.321s] -- Installing: /home/zhr/YOPO-ROS2/Controller/install/quadrotor_msgs/include/quadrotor_msgs/quadrotor_msgs/msg/detail/lqr_trajectory__description.c
[5.321s] -- Installing: /home/zhr/YOPO-ROS2/Controller/install/quadrotor_msgs/include/quadrotor_msgs/quadrotor_msgs/msg/detail/ppr_output_data__functions.h
[5.321s] -- Installing: /home/zhr/YOPO-ROS2/Controller/install/quadrotor_msgs/include/quadrotor_msgs/quadrotor_msgs/msg/detail/position_command__struct.h
[5.321s] -- Installing: /home/zhr/YOPO-ROS2/Controller/install/quadrotor_msgs/include/quadrotor_msgs/quadrotor_msgs/msg/detail/ppr_output_data__type_support.h
[5.321s] -- Installing: /home/zhr/YOPO-ROS2/Controller/install/quadrotor_msgs/include/quadrotor_msgs/quadrotor_msgs/msg/detail/polynomial_trajectory__struct.h
[5.321s] -- Installing: /home/zhr/YOPO-ROS2/Controller/install/quadrotor_msgs/include/quadrotor_msgs/quadrotor_msgs/msg/detail/serial__type_support.c
[5.321s] -- Installing: /home/zhr/YOPO-ROS2/Controller/install/quadrotor_msgs/include/quadrotor_msgs/quadrotor_msgs/msg/detail/output_data__struct.h
[5.321s] -- Installing: /home/zhr/YOPO-ROS2/Controller/install/quadrotor_msgs/include/quadrotor_msgs/quadrotor_msgs/msg/detail/gains__functions.c
[5.321s] -- Installing: /home/zhr/YOPO-ROS2/Controller/install/quadrotor_msgs/include/quadrotor_msgs/quadrotor_msgs/msg/detail/aux_command__struct.h
[5.321s] -- Installing: /home/zhr/YOPO-ROS2/Controller/install/quadrotor_msgs/include/quadrotor_msgs/quadrotor_msgs/msg/detail/position_command__type_support.h
[5.321s] -- Installing: /home/zhr/YOPO-ROS2/Controller/install/quadrotor_msgs/include/quadrotor_msgs/quadrotor_msgs/msg/detail/trpy_command__functions.h
[5.321s] -- Installing: /home/zhr/YOPO-ROS2/Controller/install/quadrotor_msgs/include/quadrotor_msgs/quadrotor_msgs/msg/detail/status_data__type_support.h
[5.321s] -- Installing: /home/zhr/YOPO-ROS2/Controller/install/quadrotor_msgs/include/quadrotor_msgs/quadrotor_msgs/msg/detail/serial__struct.h
[5.321s] -- Installing: /home/zhr/YOPO-ROS2/Controller/install/quadrotor_msgs/include/quadrotor_msgs/quadrotor_msgs/msg/detail/aux_command__description.c
[5.321s] -- Installing: /home/zhr/YOPO-ROS2/Controller/install/quadrotor_msgs/include/quadrotor_msgs/quadrotor_msgs/msg/detail/gains__type_support.h
[5.321s] -- Installing: /home/zhr/YOPO-ROS2/Controller/install/quadrotor_msgs/include/quadrotor_msgs/quadrotor_msgs/msg/detail/odometry__type_support.h
[5.321s] -- Installing: /home/zhr/YOPO-ROS2/Controller/install/quadrotor_msgs/include/quadrotor_msgs/quadrotor_msgs/msg/detail/output_data__description.c
[5.321s] -- Installing: /home/zhr/YOPO-ROS2/Controller/install/quadrotor_msgs/include/quadrotor_msgs/quadrotor_msgs/msg/detail/corrections__struct.h
[5.321s] -- Installing: /home/zhr/YOPO-ROS2/Controller/install/quadrotor_msgs/include/quadrotor_msgs/quadrotor_msgs/msg/detail/status_data__type_support.c
[5.321s] -- Installing: /home/zhr/YOPO-ROS2/Controller/install/quadrotor_msgs/include/quadrotor_msgs/quadrotor_msgs/msg/detail/ppr_output_data__type_support.c
[5.321s] -- Installing: /home/zhr/YOPO-ROS2/Controller/install/quadrotor_msgs/include/quadrotor_msgs/quadrotor_msgs/msg/detail/corrections__type_support.h
[5.321s] -- Installing: /home/zhr/YOPO-ROS2/Controller/install/quadrotor_msgs/include/quadrotor_msgs/quadrotor_msgs/msg/detail/position_command__description.c
[5.321s] -- Installing: /home/zhr/YOPO-ROS2/Controller/install/quadrotor_msgs/include/quadrotor_msgs/quadrotor_msgs/msg/detail/status_data__description.c
[5.321s] -- Installing: /home/zhr/YOPO-ROS2/Controller/install/quadrotor_msgs/include/quadrotor_msgs/quadrotor_msgs/msg/detail/polynomial_trajectory__type_support.c
[5.321s] -- Installing: /home/zhr/YOPO-ROS2/Controller/install/quadrotor_msgs/include/quadrotor_msgs/quadrotor_msgs/msg/detail/odometry__description.c
[5.321s] -- Installing: /home/zhr/YOPO-ROS2/Controller/install/quadrotor_msgs/include/quadrotor_msgs/quadrotor_msgs/msg/detail/odometry__functions.h
[5.322s] -- Installing: /home/zhr/YOPO-ROS2/Controller/install/quadrotor_msgs/include/quadrotor_msgs/quadrotor_msgs/msg/detail/corrections__type_support.c
[5.322s] -- Installing: /home/zhr/YOPO-ROS2/Controller/install/quadrotor_msgs/include/quadrotor_msgs/quadrotor_msgs/msg/detail/output_data__functions.h
[5.322s] -- Installing: /home/zhr/YOPO-ROS2/Controller/install/quadrotor_msgs/include/quadrotor_msgs/quadrotor_msgs/msg/detail/aux_command__functions.c
[5.322s] -- Installing: /home/zhr/YOPO-ROS2/Controller/install/quadrotor_msgs/include/quadrotor_msgs/quadrotor_msgs/msg/detail/aux_command__type_support.c
[5.322s] -- Installing: /home/zhr/YOPO-ROS2/Controller/install/quadrotor_msgs/include/quadrotor_msgs/quadrotor_msgs/msg/detail/aux_command__type_support.h
[5.322s] -- Installing: /home/zhr/YOPO-ROS2/Controller/install/quadrotor_msgs/include/quadrotor_msgs/quadrotor_msgs/msg/detail/status_data__functions.c
[5.322s] -- Installing: /home/zhr/YOPO-ROS2/Controller/install/quadrotor_msgs/include/quadrotor_msgs/quadrotor_msgs/msg/detail/output_data__functions.c
[5.322s] -- Installing: /home/zhr/YOPO-ROS2/Controller/install/quadrotor_msgs/include/quadrotor_msgs/quadrotor_msgs/msg/detail/ppr_output_data__description.c
[5.322s] -- Installing: /home/zhr/YOPO-ROS2/Controller/install/quadrotor_msgs/include/quadrotor_msgs/quadrotor_msgs/msg/detail/output_data__type_support.h
[5.322s] -- Installing: /home/zhr/YOPO-ROS2/Controller/install/quadrotor_msgs/include/quadrotor_msgs/quadrotor_msgs/msg/detail/odometry__type_support.c
[5.322s] -- Installing: /home/zhr/YOPO-ROS2/Controller/install/quadrotor_msgs/include/quadrotor_msgs/quadrotor_msgs/msg/detail/so3_command__struct.h
[5.322s] -- Installing: /home/zhr/YOPO-ROS2/Controller/install/quadrotor_msgs/include/quadrotor_msgs/quadrotor_msgs/msg/detail/lqr_trajectory__struct.h
[5.322s] -- Installing: /home/zhr/YOPO-ROS2/Controller/install/quadrotor_msgs/include/quadrotor_msgs/quadrotor_msgs/msg/detail/status_data__functions.h
[5.322s] -- Installing: /home/zhr/YOPO-ROS2/Controller/install/quadrotor_msgs/include/quadrotor_msgs/quadrotor_msgs/msg/detail/polynomial_trajectory__type_support.h
[5.322s] -- Installing: /home/zhr/YOPO-ROS2/Controller/install/quadrotor_msgs/include/quadrotor_msgs/quadrotor_msgs/msg/detail/gains__description.c
[5.322s] -- Installing: /home/zhr/YOPO-ROS2/Controller/install/quadrotor_msgs/include/quadrotor_msgs/quadrotor_msgs/msg/detail/gains__type_support.c
[5.322s] -- Installing: /home/zhr/YOPO-ROS2/Controller/install/quadrotor_msgs/include/quadrotor_msgs/quadrotor_msgs/msg/detail/so3_command__type_support.c
[5.322s] -- Installing: /home/zhr/YOPO-ROS2/Controller/install/quadrotor_msgs/include/quadrotor_msgs/quadrotor_msgs/msg/detail/ppr_output_data__functions.c
[5.322s] -- Installing: /home/zhr/YOPO-ROS2/Controller/install/quadrotor_msgs/include/quadrotor_msgs/quadrotor_msgs/msg/detail/odometry__struct.h
[5.322s] -- Installing: /home/zhr/YOPO-ROS2/Controller/install/quadrotor_msgs/include/quadrotor_msgs/quadrotor_msgs/msg/detail/gains__struct.h
[5.322s] -- Installing: /home/zhr/YOPO-ROS2/Controller/install/quadrotor_msgs/include/quadrotor_msgs/quadrotor_msgs/msg/detail/trpy_command__description.c
[5.322s] -- Installing: /home/zhr/YOPO-ROS2/Controller/install/quadrotor_msgs/include/quadrotor_msgs/quadrotor_msgs/msg/detail/trpy_command__struct.h
[5.322s] -- Installing: /home/zhr/YOPO-ROS2/Controller/install/quadrotor_msgs/include/quadrotor_msgs/quadrotor_msgs/msg/detail/corrections__functions.c
[5.322s] -- Installing: /home/zhr/YOPO-ROS2/Controller/install/quadrotor_msgs/include/quadrotor_msgs/quadrotor_msgs/msg/detail/so3_command__functions.c
[5.322s] -- Installing: /home/zhr/YOPO-ROS2/Controller/install/quadrotor_msgs/include/quadrotor_msgs/quadrotor_msgs/msg/detail/gains__functions.h
[5.322s] -- Installing: /home/zhr/YOPO-ROS2/Controller/install/quadrotor_msgs/include/quadrotor_msgs/quadrotor_msgs/msg/detail/so3_command__functions.h
[5.322s] -- Installing: /home/zhr/YOPO-ROS2/Controller/install/quadrotor_msgs/include/quadrotor_msgs/quadrotor_msgs/msg/detail/so3_command__description.c
[5.322s] -- Installing: /home/zhr/YOPO-ROS2/Controller/install/quadrotor_msgs/include/quadrotor_msgs/quadrotor_msgs/msg/detail/serial__functions.h
[5.322s] -- Installing: /home/zhr/YOPO-ROS2/Controller/install/quadrotor_msgs/include/quadrotor_msgs/quadrotor_msgs/msg/status_data.h
[5.322s] -- Installing: /home/zhr/YOPO-ROS2/Controller/install/quadrotor_msgs/include/quadrotor_msgs/quadrotor_msgs/msg/aux_command.h
[5.322s] -- Installing: /home/zhr/YOPO-ROS2/Controller/install/quadrotor_msgs/include/quadrotor_msgs/quadrotor_msgs/msg/corrections.h
[5.322s] -- Installing: /home/zhr/YOPO-ROS2/Controller/install/quadrotor_msgs/include/quadrotor_msgs/quadrotor_msgs/msg/odometry.h
[5.322s] -- Installing: /home/zhr/YOPO-ROS2/Controller/install/quadrotor_msgs/include/quadrotor_msgs/quadrotor_msgs/msg/rosidl_generator_c__visibility_control.h
[5.323s] -- Installing: /home/zhr/YOPO-ROS2/Controller/install/quadrotor_msgs/include/quadrotor_msgs/quadrotor_msgs/msg/position_command.h
[5.323s] -- Installing: /home/zhr/YOPO-ROS2/Controller/install/quadrotor_msgs/include/quadrotor_msgs/quadrotor_msgs/msg/ppr_output_data.h
[5.323s] -- Installing: /home/zhr/YOPO-ROS2/Controller/install/quadrotor_msgs/include/quadrotor_msgs/quadrotor_msgs/msg/serial.h
[5.323s] -- Installing: /home/zhr/YOPO-ROS2/Controller/install/quadrotor_msgs/include/quadrotor_msgs/quadrotor_msgs/srv
[5.323s] -- Installing: /home/zhr/YOPO-ROS2/Controller/install/quadrotor_msgs/include/quadrotor_msgs/quadrotor_msgs/srv/detail
[5.323s] -- Installing: /home/zhr/YOPO-ROS2/Controller/install/quadrotor_msgs/include/quadrotor_msgs/quadrotor_msgs/srv/detail/set_takeoff_land__type_support.h
[5.323s] -- Installing: /home/zhr/YOPO-ROS2/Controller/install/quadrotor_msgs/include/quadrotor_msgs/quadrotor_msgs/srv/detail/set_takeoff_land__type_support.c
[5.323s] -- Installing: /home/zhr/YOPO-ROS2/Controller/install/quadrotor_msgs/include/quadrotor_msgs/quadrotor_msgs/srv/detail/set_takeoff_land__functions.c
[5.323s] -- Installing: /home/zhr/YOPO-ROS2/Controller/install/quadrotor_msgs/include/quadrotor_msgs/quadrotor_msgs/srv/detail/set_takeoff_land__struct.h
[5.323s] -- Installing: /home/zhr/YOPO-ROS2/Controller/install/quadrotor_msgs/include/quadrotor_msgs/quadrotor_msgs/srv/detail/set_takeoff_land__functions.h
[5.323s] -- Installing: /home/zhr/YOPO-ROS2/Controller/install/quadrotor_msgs/include/quadrotor_msgs/quadrotor_msgs/srv/detail/set_takeoff_land__description.c
[5.323s] -- Installing: /home/zhr/YOPO-ROS2/Controller/install/quadrotor_msgs/include/quadrotor_msgs/quadrotor_msgs/srv/set_takeoff_land.h
[5.323s] -- Installing: /home/zhr/YOPO-ROS2/Controller/install/quadrotor_msgs/share/quadrotor_msgs/environment/library_path.sh
[5.323s] -- Installing: /home/zhr/YOPO-ROS2/Controller/install/quadrotor_msgs/share/quadrotor_msgs/environment/library_path.dsv
[5.323s] -- Installing: /home/zhr/YOPO-ROS2/Controller/install/quadrotor_msgs/lib/libquadrotor_msgs__rosidl_generator_c.so
[5.323s] -- Set non-toolchain portion of runtime path of "/home/zhr/YOPO-ROS2/Controller/install/quadrotor_msgs/lib/libquadrotor_msgs__rosidl_generator_c.so" to ""
[5.323s] -- Up-to-date: /home/zhr/YOPO-ROS2/Controller/install/quadrotor_msgs/include/quadrotor_msgs/quadrotor_msgs
[5.323s] -- Up-to-date: /home/zhr/YOPO-ROS2/Controller/install/quadrotor_msgs/include/quadrotor_msgs/quadrotor_msgs/msg
[5.323s] -- Installing: /home/zhr/YOPO-ROS2/Controller/install/quadrotor_msgs/include/quadrotor_msgs/quadrotor_msgs/msg/rosidl_typesupport_fastrtps_c__visibility_control.h
[5.323s] -- Up-to-date: /home/zhr/YOPO-ROS2/Controller/install/quadrotor_msgs/include/quadrotor_msgs/quadrotor_msgs/msg/detail
[5.323s] -- Installing: /home/zhr/YOPO-ROS2/Controller/install/quadrotor_msgs/include/quadrotor_msgs/quadrotor_msgs/msg/detail/so3_command__rosidl_typesupport_fastrtps_c.h
[5.323s] -- Installing: /home/zhr/YOPO-ROS2/Controller/install/quadrotor_msgs/include/quadrotor_msgs/quadrotor_msgs/msg/detail/output_data__rosidl_typesupport_fastrtps_c.h
[5.323s] -- Installing: /home/zhr/YOPO-ROS2/Controller/install/quadrotor_msgs/include/quadrotor_msgs/quadrotor_msgs/msg/detail/status_data__rosidl_typesupport_fastrtps_c.h
[5.323s] -- Installing: /home/zhr/YOPO-ROS2/Controller/install/quadrotor_msgs/include/quadrotor_msgs/quadrotor_msgs/msg/detail/position_command__rosidl_typesupport_fastrtps_c.h
[5.323s] -- Installing: /home/zhr/YOPO-ROS2/Controller/install/quadrotor_msgs/include/quadrotor_msgs/quadrotor_msgs/msg/detail/gains__rosidl_typesupport_fastrtps_c.h
[5.323s] -- Installing: /home/zhr/YOPO-ROS2/Controller/install/quadrotor_msgs/include/quadrotor_msgs/quadrotor_msgs/msg/detail/aux_command__rosidl_typesupport_fastrtps_c.h
[5.323s] -- Installing: /home/zhr/YOPO-ROS2/Controller/install/quadrotor_msgs/include/quadrotor_msgs/quadrotor_msgs/msg/detail/trpy_command__rosidl_typesupport_fastrtps_c.h
[5.323s] -- Installing: /home/zhr/YOPO-ROS2/Controller/install/quadrotor_msgs/include/quadrotor_msgs/quadrotor_msgs/msg/detail/corrections__rosidl_typesupport_fastrtps_c.h
[5.323s] -- Installing: /home/zhr/YOPO-ROS2/Controller/install/quadrotor_msgs/include/quadrotor_msgs/quadrotor_msgs/msg/detail/serial__rosidl_typesupport_fastrtps_c.h
[5.323s] -- Installing: /home/zhr/YOPO-ROS2/Controller/install/quadrotor_msgs/include/quadrotor_msgs/quadrotor_msgs/msg/detail/lqr_trajectory__rosidl_typesupport_fastrtps_c.h
[5.323s] -- Installing: /home/zhr/YOPO-ROS2/Controller/install/quadrotor_msgs/include/quadrotor_msgs/quadrotor_msgs/msg/detail/polynomial_trajectory__rosidl_typesupport_fastrtps_c.h
[5.323s] -- Installing: /home/zhr/YOPO-ROS2/Controller/install/quadrotor_msgs/include/quadrotor_msgs/quadrotor_msgs/msg/detail/odometry__rosidl_typesupport_fastrtps_c.h
[5.323s] -- Installing: /home/zhr/YOPO-ROS2/Controller/install/quadrotor_msgs/include/quadrotor_msgs/quadrotor_msgs/msg/detail/ppr_output_data__rosidl_typesupport_fastrtps_c.h
[5.323s] -- Up-to-date: /home/zhr/YOPO-ROS2/Controller/install/quadrotor_msgs/include/quadrotor_msgs/quadrotor_msgs/srv
[5.323s] -- Up-to-date: /home/zhr/YOPO-ROS2/Controller/install/quadrotor_msgs/include/quadrotor_msgs/quadrotor_msgs/srv/detail
[5.323s] -- Installing: /home/zhr/YOPO-ROS2/Controller/install/quadrotor_msgs/include/quadrotor_msgs/quadrotor_msgs/srv/detail/set_takeoff_land__rosidl_typesupport_fastrtps_c.h
[5.323s] -- Installing: /home/zhr/YOPO-ROS2/Controller/install/quadrotor_msgs/lib/libquadrotor_msgs__rosidl_typesupport_fastrtps_c.so
[5.323s] -- Set non-toolchain portion of runtime path of "/home/zhr/YOPO-ROS2/Controller/install/quadrotor_msgs/lib/libquadrotor_msgs__rosidl_typesupport_fastrtps_c.so" to ""
[5.324s] -- Up-to-date: /home/zhr/YOPO-ROS2/Controller/install/quadrotor_msgs/include/quadrotor_msgs/quadrotor_msgs
[5.324s] -- Up-to-date: /home/zhr/YOPO-ROS2/Controller/install/quadrotor_msgs/include/quadrotor_msgs/quadrotor_msgs/msg
[5.324s] -- Installing: /home/zhr/YOPO-ROS2/Controller/install/quadrotor_msgs/include/quadrotor_msgs/quadrotor_msgs/msg/polynomial_trajectory.hpp
[5.324s] -- Installing: /home/zhr/YOPO-ROS2/Controller/install/quadrotor_msgs/include/quadrotor_msgs/quadrotor_msgs/msg/aux_command.hpp
[5.324s] -- Installing: /home/zhr/YOPO-ROS2/Controller/install/quadrotor_msgs/include/quadrotor_msgs/quadrotor_msgs/msg/corrections.hpp
[5.324s] -- Installing: /home/zhr/YOPO-ROS2/Controller/install/quadrotor_msgs/include/quadrotor_msgs/quadrotor_msgs/msg/trpy_command.hpp
[5.324s] -- Installing: /home/zhr/YOPO-ROS2/Controller/install/quadrotor_msgs/include/quadrotor_msgs/quadrotor_msgs/msg/so3_command.hpp
[5.324s] -- Installing: /home/zhr/YOPO-ROS2/Controller/install/quadrotor_msgs/include/quadrotor_msgs/quadrotor_msgs/msg/gains.hpp
[5.324s] -- Installing: /home/zhr/YOPO-ROS2/Controller/install/quadrotor_msgs/include/quadrotor_msgs/quadrotor_msgs/msg/status_data.hpp
[5.324s] -- Up-to-date: /home/zhr/YOPO-ROS2/Controller/install/quadrotor_msgs/include/quadrotor_msgs/quadrotor_msgs/msg/detail
[5.324s] -- Installing: /home/zhr/YOPO-ROS2/Controller/install/quadrotor_msgs/include/quadrotor_msgs/quadrotor_msgs/msg/detail/serial__traits.hpp
[5.324s] -- Installing: /home/zhr/YOPO-ROS2/Controller/install/quadrotor_msgs/include/quadrotor_msgs/quadrotor_msgs/msg/detail/so3_command__builder.hpp
[5.324s] -- Installing: /home/zhr/YOPO-ROS2/Controller/install/quadrotor_msgs/include/quadrotor_msgs/quadrotor_msgs/msg/detail/trpy_command__type_support.hpp
[5.324s] -- Installing: /home/zhr/YOPO-ROS2/Controller/install/quadrotor_msgs/include/quadrotor_msgs/quadrotor_msgs/msg/detail/polynomial_trajectory__type_support.hpp
[5.324s] -- Installing: /home/zhr/YOPO-ROS2/Controller/install/quadrotor_msgs/include/quadrotor_msgs/quadrotor_msgs/msg/detail/lqr_trajectory__struct.hpp
[5.324s] -- Installing: /home/zhr/YOPO-ROS2/Controller/install/quadrotor_msgs/include/quadrotor_msgs/quadrotor_msgs/msg/detail/lqr_trajectory__traits.hpp
[5.324s] -- Installing: /home/zhr/YOPO-ROS2/Controller/install/quadrotor_msgs/include/quadrotor_msgs/quadrotor_msgs/msg/detail/trpy_command__builder.hpp
[5.324s] -- Installing: /home/zhr/YOPO-ROS2/Controller/install/quadrotor_msgs/include/quadrotor_msgs/quadrotor_msgs/msg/detail/position_command__builder.hpp
[5.324s] -- Installing: /home/zhr/YOPO-ROS2/Controller/install/quadrotor_msgs/include/quadrotor_msgs/quadrotor_msgs/msg/detail/status_data__builder.hpp
[5.324s] -- Installing: /home/zhr/YOPO-ROS2/Controller/install/quadrotor_msgs/include/quadrotor_msgs/quadrotor_msgs/msg/detail/corrections__type_support.hpp
[5.324s] -- Installing: /home/zhr/YOPO-ROS2/Controller/install/quadrotor_msgs/include/quadrotor_msgs/quadrotor_msgs/msg/detail/corrections__traits.hpp
[5.324s] -- Installing: /home/zhr/YOPO-ROS2/Controller/install/quadrotor_msgs/include/quadrotor_msgs/quadrotor_msgs/msg/detail/polynomial_trajectory__builder.hpp
[5.324s] -- Installing: /home/zhr/YOPO-ROS2/Controller/install/quadrotor_msgs/include/quadrotor_msgs/quadrotor_msgs/msg/detail/ppr_output_data__traits.hpp
[5.324s] -- Installing: /home/zhr/YOPO-ROS2/Controller/install/quadrotor_msgs/include/quadrotor_msgs/quadrotor_msgs/msg/detail/status_data__traits.hpp
[5.324s] -- Installing: /home/zhr/YOPO-ROS2/Controller/install/quadrotor_msgs/include/quadrotor_msgs/quadrotor_msgs/msg/detail/aux_command__traits.hpp
[5.324s] -- Installing: /home/zhr/YOPO-ROS2/Controller/install/quadrotor_msgs/include/quadrotor_msgs/quadrotor_msgs/msg/detail/status_data__struct.hpp
[5.324s] -- Installing: /home/zhr/YOPO-ROS2/Controller/install/quadrotor_msgs/include/quadrotor_msgs/quadrotor_msgs/msg/detail/serial__builder.hpp
[5.324s] -- Installing: /home/zhr/YOPO-ROS2/Controller/install/quadrotor_msgs/include/quadrotor_msgs/quadrotor_msgs/msg/detail/so3_command__traits.hpp
[5.324s] -- Installing: /home/zhr/YOPO-ROS2/Controller/install/quadrotor_msgs/include/quadrotor_msgs/quadrotor_msgs/msg/detail/serial__struct.hpp
[5.324s] -- Installing: /home/zhr/YOPO-ROS2/Controller/install/quadrotor_msgs/include/quadrotor_msgs/quadrotor_msgs/msg/detail/gains__traits.hpp
[5.324s] -- Installing: /home/zhr/YOPO-ROS2/Controller/install/quadrotor_msgs/include/quadrotor_msgs/quadrotor_msgs/msg/detail/status_data__type_support.hpp
[5.325s] -- Installing: /home/zhr/YOPO-ROS2/Controller/install/quadrotor_msgs/include/quadrotor_msgs/quadrotor_msgs/msg/detail/aux_command__struct.hpp
[5.325s] -- Installing: /home/zhr/YOPO-ROS2/Controller/install/quadrotor_msgs/include/quadrotor_msgs/quadrotor_msgs/msg/detail/lqr_trajectory__builder.hpp
[5.325s] -- Installing: /home/zhr/YOPO-ROS2/Controller/install/quadrotor_msgs/include/quadrotor_msgs/quadrotor_msgs/msg/detail/corrections__struct.hpp
[5.325s] -- Installing: /home/zhr/YOPO-ROS2/Controller/install/quadrotor_msgs/include/quadrotor_msgs/quadrotor_msgs/msg/detail/ppr_output_data__type_support.hpp
[5.325s] -- Installing: /home/zhr/YOPO-ROS2/Controller/install/quadrotor_msgs/include/quadrotor_msgs/quadrotor_msgs/msg/detail/polynomial_trajectory__traits.hpp
[5.325s] -- Installing: /home/zhr/YOPO-ROS2/Controller/install/quadrotor_msgs/include/quadrotor_msgs/quadrotor_msgs/msg/detail/output_data__traits.hpp
[5.325s] -- Installing: /home/zhr/YOPO-ROS2/Controller/install/quadrotor_msgs/include/quadrotor_msgs/quadrotor_msgs/msg/detail/gains__struct.hpp
[5.325s] -- Installing: /home/zhr/YOPO-ROS2/Controller/install/quadrotor_msgs/include/quadrotor_msgs/quadrotor_msgs/msg/detail/corrections__builder.hpp
[5.325s] -- Installing: /home/zhr/YOPO-ROS2/Controller/install/quadrotor_msgs/include/quadrotor_msgs/quadrotor_msgs/msg/detail/polynomial_trajectory__struct.hpp
[5.325s] -- Installing: /home/zhr/YOPO-ROS2/Controller/install/quadrotor_msgs/include/quadrotor_msgs/quadrotor_msgs/msg/detail/serial__type_support.hpp
[5.325s] -- Installing: /home/zhr/YOPO-ROS2/Controller/install/quadrotor_msgs/include/quadrotor_msgs/quadrotor_msgs/msg/detail/trpy_command__traits.hpp
[5.325s] -- Installing: /home/zhr/YOPO-ROS2/Controller/install/quadrotor_msgs/include/quadrotor_msgs/quadrotor_msgs/msg/detail/position_command__traits.hpp
[5.325s] -- Installing: /home/zhr/YOPO-ROS2/Controller/install/quadrotor_msgs/include/quadrotor_msgs/quadrotor_msgs/msg/detail/so3_command__struct.hpp
[5.325s] -- Installing: /home/zhr/YOPO-ROS2/Controller/install/quadrotor_msgs/include/quadrotor_msgs/quadrotor_msgs/msg/detail/output_data__struct.hpp
[5.325s] -- Installing: /home/zhr/YOPO-ROS2/Controller/install/quadrotor_msgs/include/quadrotor_msgs/quadrotor_msgs/msg/detail/odometry__type_support.hpp
[5.325s] -- Installing: /home/zhr/YOPO-ROS2/Controller/install/quadrotor_msgs/include/quadrotor_msgs/quadrotor_msgs/msg/detail/lqr_trajectory__type_support.hpp
[5.325s] -- Installing: /home/zhr/YOPO-ROS2/Controller/install/quadrotor_msgs/include/quadrotor_msgs/quadrotor_msgs/msg/detail/output_data__builder.hpp
[5.325s] -- Installing: /home/zhr/YOPO-ROS2/Controller/install/quadrotor_msgs/include/quadrotor_msgs/quadrotor_msgs/msg/detail/odometry__traits.hpp
[5.325s] -- Installing: /home/zhr/YOPO-ROS2/Controller/install/quadrotor_msgs/include/quadrotor_msgs/quadrotor_msgs/msg/detail/ppr_output_data__builder.hpp
[5.325s] -- Installing: /home/zhr/YOPO-ROS2/Controller/install/quadrotor_msgs/include/quadrotor_msgs/quadrotor_msgs/msg/detail/output_data__type_support.hpp
[5.325s] -- Installing: /home/zhr/YOPO-ROS2/Controller/install/quadrotor_msgs/include/quadrotor_msgs/quadrotor_msgs/msg/detail/odometry__builder.hpp
[5.325s] -- Installing: /home/zhr/YOPO-ROS2/Controller/install/quadrotor_msgs/include/quadrotor_msgs/quadrotor_msgs/msg/detail/ppr_output_data__struct.hpp
[5.325s] -- Installing: /home/zhr/YOPO-ROS2/Controller/install/quadrotor_msgs/include/quadrotor_msgs/quadrotor_msgs/msg/detail/aux_command__builder.hpp
[5.325s] -- Installing: /home/zhr/YOPO-ROS2/Controller/install/quadrotor_msgs/include/quadrotor_msgs/quadrotor_msgs/msg/detail/trpy_command__struct.hpp
[5.325s] -- Installing: /home/zhr/YOPO-ROS2/Controller/install/quadrotor_msgs/include/quadrotor_msgs/quadrotor_msgs/msg/detail/gains__builder.hpp
[5.325s] -- Installing: /home/zhr/YOPO-ROS2/Controller/install/quadrotor_msgs/include/quadrotor_msgs/quadrotor_msgs/msg/detail/aux_command__type_support.hpp
[5.325s] -- Installing: /home/zhr/YOPO-ROS2/Controller/install/quadrotor_msgs/include/quadrotor_msgs/quadrotor_msgs/msg/detail/position_command__type_support.hpp
[5.325s] -- Installing: /home/zhr/YOPO-ROS2/Controller/install/quadrotor_msgs/include/quadrotor_msgs/quadrotor_msgs/msg/detail/odometry__struct.hpp
[5.326s] -- Installing: /home/zhr/YOPO-ROS2/Controller/install/quadrotor_msgs/include/quadrotor_msgs/quadrotor_msgs/msg/detail/position_command__struct.hpp
[5.326s] -- Installing: /home/zhr/YOPO-ROS2/Controller/install/quadrotor_msgs/include/quadrotor_msgs/quadrotor_msgs/msg/detail/so3_command__type_support.hpp
[5.326s] -- Installing: /home/zhr/YOPO-ROS2/Controller/install/quadrotor_msgs/include/quadrotor_msgs/quadrotor_msgs/msg/detail/gains__type_support.hpp
[5.326s] -- Installing: /home/zhr/YOPO-ROS2/Controller/install/quadrotor_msgs/include/quadrotor_msgs/quadrotor_msgs/msg/rosidl_generator_cpp__visibility_control.hpp
[5.326s] -- Installing: /home/zhr/YOPO-ROS2/Controller/install/quadrotor_msgs/include/quadrotor_msgs/quadrotor_msgs/msg/odometry.hpp
[5.326s] -- Installing: /home/zhr/YOPO-ROS2/Controller/install/quadrotor_msgs/include/quadrotor_msgs/quadrotor_msgs/msg/output_data.hpp
[5.326s] -- Installing: /home/zhr/YOPO-ROS2/Controller/install/quadrotor_msgs/include/quadrotor_msgs/quadrotor_msgs/msg/position_command.hpp
[5.326s] -- Installing: /home/zhr/YOPO-ROS2/Controller/install/quadrotor_msgs/include/quadrotor_msgs/quadrotor_msgs/msg/ppr_output_data.hpp
[5.326s] -- Installing: /home/zhr/YOPO-ROS2/Controller/install/quadrotor_msgs/include/quadrotor_msgs/quadrotor_msgs/msg/serial.hpp
[5.326s] -- Installing: /home/zhr/YOPO-ROS2/Controller/install/quadrotor_msgs/include/quadrotor_msgs/quadrotor_msgs/msg/lqr_trajectory.hpp
[5.326s] -- Up-to-date: /home/zhr/YOPO-ROS2/Controller/install/quadrotor_msgs/include/quadrotor_msgs/quadrotor_msgs/srv
[5.326s] -- Up-to-date: /home/zhr/YOPO-ROS2/Controller/install/quadrotor_msgs/include/quadrotor_msgs/quadrotor_msgs/srv/detail
[5.326s] -- Installing: /home/zhr/YOPO-ROS2/Controller/install/quadrotor_msgs/include/quadrotor_msgs/quadrotor_msgs/srv/detail/set_takeoff_land__traits.hpp
[5.326s] -- Installing: /home/zhr/YOPO-ROS2/Controller/install/quadrotor_msgs/include/quadrotor_msgs/quadrotor_msgs/srv/detail/set_takeoff_land__builder.hpp
[5.326s] -- Installing: /home/zhr/YOPO-ROS2/Controller/install/quadrotor_msgs/include/quadrotor_msgs/quadrotor_msgs/srv/detail/set_takeoff_land__struct.hpp
[5.326s] -- Installing: /home/zhr/YOPO-ROS2/Controller/install/quadrotor_msgs/include/quadrotor_msgs/quadrotor_msgs/srv/detail/set_takeoff_land__type_support.hpp
[5.326s] -- Installing: /home/zhr/YOPO-ROS2/Controller/install/quadrotor_msgs/include/quadrotor_msgs/quadrotor_msgs/srv/set_takeoff_land.hpp
[5.326s] -- Up-to-date: /home/zhr/YOPO-ROS2/Controller/install/quadrotor_msgs/include/quadrotor_msgs/quadrotor_msgs
[5.326s] -- Up-to-date: /home/zhr/YOPO-ROS2/Controller/install/quadrotor_msgs/include/quadrotor_msgs/quadrotor_msgs/msg
[5.326s] -- Up-to-date: /home/zhr/YOPO-ROS2/Controller/install/quadrotor_msgs/include/quadrotor_msgs/quadrotor_msgs/msg/detail
[5.326s] -- Installing: /home/zhr/YOPO-ROS2/Controller/install/quadrotor_msgs/include/quadrotor_msgs/quadrotor_msgs/msg/detail/aux_command__rosidl_typesupport_fastrtps_cpp.hpp
[5.326s] -- Installing: /home/zhr/YOPO-ROS2/Controller/install/quadrotor_msgs/include/quadrotor_msgs/quadrotor_msgs/msg/detail/status_data__rosidl_typesupport_fastrtps_cpp.hpp
[5.326s] -- Installing: /home/zhr/YOPO-ROS2/Controller/install/quadrotor_msgs/include/quadrotor_msgs/quadrotor_msgs/msg/detail/serial__rosidl_typesupport_fastrtps_cpp.hpp
[5.326s] -- Installing: /home/zhr/YOPO-ROS2/Controller/install/quadrotor_msgs/include/quadrotor_msgs/quadrotor_msgs/msg/detail/dds_fastrtps
[5.326s] -- Installing: /home/zhr/YOPO-ROS2/Controller/install/quadrotor_msgs/include/quadrotor_msgs/quadrotor_msgs/msg/detail/odometry__rosidl_typesupport_fastrtps_cpp.hpp
[5.326s] -- Installing: /home/zhr/YOPO-ROS2/Controller/install/quadrotor_msgs/include/quadrotor_msgs/quadrotor_msgs/msg/detail/trpy_command__rosidl_typesupport_fastrtps_cpp.hpp
[5.326s] -- Installing: /home/zhr/YOPO-ROS2/Controller/install/quadrotor_msgs/include/quadrotor_msgs/quadrotor_msgs/msg/detail/so3_command__rosidl_typesupport_fastrtps_cpp.hpp
[5.326s] -- Installing: /home/zhr/YOPO-ROS2/Controller/install/quadrotor_msgs/include/quadrotor_msgs/quadrotor_msgs/msg/detail/polynomial_trajectory__rosidl_typesupport_fastrtps_cpp.hpp
[5.326s] -- Installing: /home/zhr/YOPO-ROS2/Controller/install/quadrotor_msgs/include/quadrotor_msgs/quadrotor_msgs/msg/detail/ppr_output_data__rosidl_typesupport_fastrtps_cpp.hpp
[5.326s] -- Installing: /home/zhr/YOPO-ROS2/Controller/install/quadrotor_msgs/include/quadrotor_msgs/quadrotor_msgs/msg/detail/position_command__rosidl_typesupport_fastrtps_cpp.hpp
[5.327s] -- Installing: /home/zhr/YOPO-ROS2/Controller/install/quadrotor_msgs/include/quadrotor_msgs/quadrotor_msgs/msg/detail/corrections__rosidl_typesupport_fastrtps_cpp.hpp
[5.327s] -- Installing: /home/zhr/YOPO-ROS2/Controller/install/quadrotor_msgs/include/quadrotor_msgs/quadrotor_msgs/msg/detail/output_data__rosidl_typesupport_fastrtps_cpp.hpp
[5.327s] -- Installing: /home/zhr/YOPO-ROS2/Controller/install/quadrotor_msgs/include/quadrotor_msgs/quadrotor_msgs/msg/detail/lqr_trajectory__rosidl_typesupport_fastrtps_cpp.hpp
[5.327s] -- Installing: /home/zhr/YOPO-ROS2/Controller/install/quadrotor_msgs/include/quadrotor_msgs/quadrotor_msgs/msg/detail/gains__rosidl_typesupport_fastrtps_cpp.hpp
[5.327s] -- Installing: /home/zhr/YOPO-ROS2/Controller/install/quadrotor_msgs/include/quadrotor_msgs/quadrotor_msgs/msg/rosidl_typesupport_fastrtps_cpp__visibility_control.h
[5.327s] -- Up-to-date: /home/zhr/YOPO-ROS2/Controller/install/quadrotor_msgs/include/quadrotor_msgs/quadrotor_msgs/srv
[5.327s] -- Up-to-date: /home/zhr/YOPO-ROS2/Controller/install/quadrotor_msgs/include/quadrotor_msgs/quadrotor_msgs/srv/detail
[5.327s] -- Installing: /home/zhr/YOPO-ROS2/Controller/install/quadrotor_msgs/include/quadrotor_msgs/quadrotor_msgs/srv/detail/dds_fastrtps
[5.327s] -- Installing: /home/zhr/YOPO-ROS2/Controller/install/quadrotor_msgs/include/quadrotor_msgs/quadrotor_msgs/srv/detail/set_takeoff_land__rosidl_typesupport_fastrtps_cpp.hpp
[5.327s] -- Installing: /home/zhr/YOPO-ROS2/Controller/install/quadrotor_msgs/lib/libquadrotor_msgs__rosidl_typesupport_fastrtps_cpp.so
[5.327s] -- Set non-toolchain portion of runtime path of "/home/zhr/YOPO-ROS2/Controller/install/quadrotor_msgs/lib/libquadrotor_msgs__rosidl_typesupport_fastrtps_cpp.so" to ""
[5.327s] -- Up-to-date: /home/zhr/YOPO-ROS2/Controller/install/quadrotor_msgs/include/quadrotor_msgs/quadrotor_msgs
[5.327s] -- Up-to-date: /home/zhr/YOPO-ROS2/Controller/install/quadrotor_msgs/include/quadrotor_msgs/quadrotor_msgs/msg
[5.327s] -- Up-to-date: /home/zhr/YOPO-ROS2/Controller/install/quadrotor_msgs/include/quadrotor_msgs/quadrotor_msgs/msg/detail
[5.327s] -- Installing: /home/zhr/YOPO-ROS2/Controller/install/quadrotor_msgs/include/quadrotor_msgs/quadrotor_msgs/msg/detail/output_data__rosidl_typesupport_introspection_c.h
[5.327s] -- Installing: /home/zhr/YOPO-ROS2/Controller/install/quadrotor_msgs/include/quadrotor_msgs/quadrotor_msgs/msg/detail/aux_command__rosidl_typesupport_introspection_c.h
[5.327s] -- Installing: /home/zhr/YOPO-ROS2/Controller/install/quadrotor_msgs/include/quadrotor_msgs/quadrotor_msgs/msg/detail/position_command__type_support.c
[5.327s] -- Installing: /home/zhr/YOPO-ROS2/Controller/install/quadrotor_msgs/include/quadrotor_msgs/quadrotor_msgs/msg/detail/output_data__type_support.c
[5.327s] -- Installing: /home/zhr/YOPO-ROS2/Controller/install/quadrotor_msgs/include/quadrotor_msgs/quadrotor_msgs/msg/detail/ppr_output_data__rosidl_typesupport_introspection_c.h
[5.327s] -- Installing: /home/zhr/YOPO-ROS2/Controller/install/quadrotor_msgs/include/quadrotor_msgs/quadrotor_msgs/msg/detail/lqr_trajectory__type_support.c
[5.327s] -- Installing: /home/zhr/YOPO-ROS2/Controller/install/quadrotor_msgs/include/quadrotor_msgs/quadrotor_msgs/msg/detail/polynomial_trajectory__rosidl_typesupport_introspection_c.h
[5.327s] -- Installing: /home/zhr/YOPO-ROS2/Controller/install/quadrotor_msgs/include/quadrotor_msgs/quadrotor_msgs/msg/detail/trpy_command__type_support.c
[5.327s] -- Installing: /home/zhr/YOPO-ROS2/Controller/install/quadrotor_msgs/include/quadrotor_msgs/quadrotor_msgs/msg/detail/serial__type_support.c
[5.327s] -- Installing: /home/zhr/YOPO-ROS2/Controller/install/quadrotor_msgs/include/quadrotor_msgs/quadrotor_msgs/msg/detail/status_data__type_support.c
[5.328s] -- Installing: /home/zhr/YOPO-ROS2/Controller/install/quadrotor_msgs/include/quadrotor_msgs/quadrotor_msgs/msg/detail/ppr_output_data__type_support.c
[5.328s] -- Installing: /home/zhr/YOPO-ROS2/Controller/install/quadrotor_msgs/include/quadrotor_msgs/quadrotor_msgs/msg/detail/status_data__rosidl_typesupport_introspection_c.h
[5.328s] -- Installing: /home/zhr/YOPO-ROS2/Controller/install/quadrotor_msgs/include/quadrotor_msgs/quadrotor_msgs/msg/detail/odometry__rosidl_typesupport_introspection_c.h
[5.328s] -- Installing: /home/zhr/YOPO-ROS2/Controller/install/quadrotor_msgs/include/quadrotor_msgs/quadrotor_msgs/msg/detail/polynomial_trajectory__type_support.c
[5.328s] -- Installing: /home/zhr/YOPO-ROS2/Controller/install/quadrotor_msgs/include/quadrotor_msgs/quadrotor_msgs/msg/detail/corrections__type_support.c
[5.328s] -- Installing: /home/zhr/YOPO-ROS2/Controller/install/quadrotor_msgs/include/quadrotor_msgs/quadrotor_msgs/msg/detail/aux_command__type_support.c
[5.328s] -- Installing: /home/zhr/YOPO-ROS2/Controller/install/quadrotor_msgs/include/quadrotor_msgs/quadrotor_msgs/msg/detail/odometry__type_support.c
[5.328s] -- Installing: /home/zhr/YOPO-ROS2/Controller/install/quadrotor_msgs/include/quadrotor_msgs/quadrotor_msgs/msg/detail/position_command__rosidl_typesupport_introspection_c.h
[5.328s] -- Installing: /home/zhr/YOPO-ROS2/Controller/install/quadrotor_msgs/include/quadrotor_msgs/quadrotor_msgs/msg/detail/gains__type_support.c
[5.328s] -- Installing: /home/zhr/YOPO-ROS2/Controller/install/quadrotor_msgs/include/quadrotor_msgs/quadrotor_msgs/msg/detail/so3_command__type_support.c
[5.328s] -- Installing: /home/zhr/YOPO-ROS2/Controller/install/quadrotor_msgs/include/quadrotor_msgs/quadrotor_msgs/msg/detail/gains__rosidl_typesupport_introspection_c.h
[5.328s] -- Installing: /home/zhr/YOPO-ROS2/Controller/install/quadrotor_msgs/include/quadrotor_msgs/quadrotor_msgs/msg/detail/lqr_trajectory__rosidl_typesupport_introspection_c.h
[5.328s] -- Installing: /home/zhr/YOPO-ROS2/Controller/install/quadrotor_msgs/include/quadrotor_msgs/quadrotor_msgs/msg/detail/serial__rosidl_typesupport_introspection_c.h
[5.328s] -- Installing: /home/zhr/YOPO-ROS2/Controller/install/quadrotor_msgs/include/quadrotor_msgs/quadrotor_msgs/msg/detail/so3_command__rosidl_typesupport_introspection_c.h
[5.328s] -- Installing: /home/zhr/YOPO-ROS2/Controller/install/quadrotor_msgs/include/quadrotor_msgs/quadrotor_msgs/msg/detail/trpy_command__rosidl_typesupport_introspection_c.h
[5.328s] -- Installing: /home/zhr/YOPO-ROS2/Controller/install/quadrotor_msgs/include/quadrotor_msgs/quadrotor_msgs/msg/detail/corrections__rosidl_typesupport_introspection_c.h
[5.328s] -- Installing: /home/zhr/YOPO-ROS2/Controller/install/quadrotor_msgs/include/quadrotor_msgs/quadrotor_msgs/msg/rosidl_typesupport_introspection_c__visibility_control.h
[5.328s] -- Up-to-date: /home/zhr/YOPO-ROS2/Controller/install/quadrotor_msgs/include/quadrotor_msgs/quadrotor_msgs/srv
[5.328s] -- Up-to-date: /home/zhr/YOPO-ROS2/Controller/install/quadrotor_msgs/include/quadrotor_msgs/quadrotor_msgs/srv/detail
[5.328s] -- Installing: /home/zhr/YOPO-ROS2/Controller/install/quadrotor_msgs/include/quadrotor_msgs/quadrotor_msgs/srv/detail/set_takeoff_land__rosidl_typesupport_introspection_c.h
[5.328s] -- Installing: /home/zhr/YOPO-ROS2/Controller/install/quadrotor_msgs/include/quadrotor_msgs/quadrotor_msgs/srv/detail/set_takeoff_land__type_support.c
[5.328s] -- Installing: /home/zhr/YOPO-ROS2/Controller/install/quadrotor_msgs/lib/libquadrotor_msgs__rosidl_typesupport_introspection_c.so
[5.329s] -- Set non-toolchain portion of runtime path of "/home/zhr/YOPO-ROS2/Controller/install/quadrotor_msgs/lib/libquadrotor_msgs__rosidl_typesupport_introspection_c.so" to ""
[5.329s] -- Installing: /home/zhr/YOPO-ROS2/Controller/install/quadrotor_msgs/lib/libquadrotor_msgs__rosidl_typesupport_c.so
[5.329s] -- Set non-toolchain portion of runtime path of "/home/zhr/YOPO-ROS2/Controller/install/quadrotor_msgs/lib/libquadrotor_msgs__rosidl_typesupport_c.so" to ""
[5.329s] -- Up-to-date: /home/zhr/YOPO-ROS2/Controller/install/quadrotor_msgs/include/quadrotor_msgs/quadrotor_msgs
[5.329s] -- Up-to-date: /home/zhr/YOPO-ROS2/Controller/install/quadrotor_msgs/include/quadrotor_msgs/quadrotor_msgs/msg
[5.329s] -- Up-to-date: /home/zhr/YOPO-ROS2/Controller/install/quadrotor_msgs/include/quadrotor_msgs/quadrotor_msgs/msg/detail
[5.329s] -- Installing: /home/zhr/YOPO-ROS2/Controller/install/quadrotor_msgs/include/quadrotor_msgs/quadrotor_msgs/msg/detail/odometry__rosidl_typesupport_introspection_cpp.hpp
[5.329s] -- Installing: /home/zhr/YOPO-ROS2/Controller/install/quadrotor_msgs/include/quadrotor_msgs/quadrotor_msgs/msg/detail/so3_command__type_support.cpp
[5.329s] -- Installing: /home/zhr/YOPO-ROS2/Controller/install/quadrotor_msgs/include/quadrotor_msgs/quadrotor_msgs/msg/detail/trpy_command__type_support.cpp
[5.329s] -- Installing: /home/zhr/YOPO-ROS2/Controller/install/quadrotor_msgs/include/quadrotor_msgs/quadrotor_msgs/msg/detail/gains__type_support.cpp
[5.329s] -- Installing: /home/zhr/YOPO-ROS2/Controller/install/quadrotor_msgs/include/quadrotor_msgs/quadrotor_msgs/msg/detail/ppr_output_data__type_support.cpp
[5.329s] -- Installing: /home/zhr/YOPO-ROS2/Controller/install/quadrotor_msgs/include/quadrotor_msgs/quadrotor_msgs/msg/detail/odometry__type_support.cpp
[5.329s] -- Installing: /home/zhr/YOPO-ROS2/Controller/install/quadrotor_msgs/include/quadrotor_msgs/quadrotor_msgs/msg/detail/corrections__type_support.cpp
[5.329s] -- Installing: /home/zhr/YOPO-ROS2/Controller/install/quadrotor_msgs/include/quadrotor_msgs/quadrotor_msgs/msg/detail/polynomial_trajectory__rosidl_typesupport_introspection_cpp.hpp
[5.329s] -- Installing: /home/zhr/YOPO-ROS2/Controller/install/quadrotor_msgs/include/quadrotor_msgs/quadrotor_msgs/msg/detail/corrections__rosidl_typesupport_introspection_cpp.hpp
[5.329s] -- Installing: /home/zhr/YOPO-ROS2/Controller/install/quadrotor_msgs/include/quadrotor_msgs/quadrotor_msgs/msg/detail/output_data__rosidl_typesupport_introspection_cpp.hpp
[5.329s] -- Installing: /home/zhr/YOPO-ROS2/Controller/install/quadrotor_msgs/include/quadrotor_msgs/quadrotor_msgs/msg/detail/polynomial_trajectory__type_support.cpp
[5.329s] -- Installing: /home/zhr/YOPO-ROS2/Controller/install/quadrotor_msgs/include/quadrotor_msgs/quadrotor_msgs/msg/detail/aux_command__type_support.cpp
[5.329s] -- Installing: /home/zhr/YOPO-ROS2/Controller/install/quadrotor_msgs/include/quadrotor_msgs/quadrotor_msgs/msg/detail/status_data__rosidl_typesupport_introspection_cpp.hpp
[5.329s] -- Installing: /home/zhr/YOPO-ROS2/Controller/install/quadrotor_msgs/include/quadrotor_msgs/quadrotor_msgs/msg/detail/trpy_command__rosidl_typesupport_introspection_cpp.hpp
[5.329s] -- Installing: /home/zhr/YOPO-ROS2/Controller/install/quadrotor_msgs/include/quadrotor_msgs/quadrotor_msgs/msg/detail/position_command__type_support.cpp
[5.329s] -- Installing: /home/zhr/YOPO-ROS2/Controller/install/quadrotor_msgs/include/quadrotor_msgs/quadrotor_msgs/msg/detail/status_data__type_support.cpp
[5.329s] -- Installing: /home/zhr/YOPO-ROS2/Controller/install/quadrotor_msgs/include/quadrotor_msgs/quadrotor_msgs/msg/detail/serial__type_support.cpp
[5.329s] -- Installing: /home/zhr/YOPO-ROS2/Controller/install/quadrotor_msgs/include/quadrotor_msgs/quadrotor_msgs/msg/detail/lqr_trajectory__rosidl_typesupport_introspection_cpp.hpp
[5.329s] -- Installing: /home/zhr/YOPO-ROS2/Controller/install/quadrotor_msgs/include/quadrotor_msgs/quadrotor_msgs/msg/detail/aux_command__rosidl_typesupport_introspection_cpp.hpp
[5.329s] -- Installing: /home/zhr/YOPO-ROS2/Controller/install/quadrotor_msgs/include/quadrotor_msgs/quadrotor_msgs/msg/detail/ppr_output_data__rosidl_typesupport_introspection_cpp.hpp
[5.330s] -- Installing: /home/zhr/YOPO-ROS2/Controller/install/quadrotor_msgs/include/quadrotor_msgs/quadrotor_msgs/msg/detail/gains__rosidl_typesupport_introspection_cpp.hpp
[5.330s] -- Installing: /home/zhr/YOPO-ROS2/Controller/install/quadrotor_msgs/include/quadrotor_msgs/quadrotor_msgs/msg/detail/serial__rosidl_typesupport_introspection_cpp.hpp
[5.330s] -- Installing: /home/zhr/YOPO-ROS2/Controller/install/quadrotor_msgs/include/quadrotor_msgs/quadrotor_msgs/msg/detail/output_data__type_support.cpp
[5.330s] -- Installing: /home/zhr/YOPO-ROS2/Controller/install/quadrotor_msgs/include/quadrotor_msgs/quadrotor_msgs/msg/detail/so3_command__rosidl_typesupport_introspection_cpp.hpp
[5.330s] -- Installing: /home/zhr/YOPO-ROS2/Controller/install/quadrotor_msgs/include/quadrotor_msgs/quadrotor_msgs/msg/detail/position_command__rosidl_typesupport_introspection_cpp.hpp
[5.330s] -- Installing: /home/zhr/YOPO-ROS2/Controller/install/quadrotor_msgs/include/quadrotor_msgs/quadrotor_msgs/msg/detail/lqr_trajectory__type_support.cpp
[5.330s] -- Up-to-date: /home/zhr/YOPO-ROS2/Controller/install/quadrotor_msgs/include/quadrotor_msgs/quadrotor_msgs/srv
[5.330s] -- Up-to-date: /home/zhr/YOPO-ROS2/Controller/install/quadrotor_msgs/include/quadrotor_msgs/quadrotor_msgs/srv/detail
[5.330s] -- Installing: /home/zhr/YOPO-ROS2/Controller/install/quadrotor_msgs/include/quadrotor_msgs/quadrotor_msgs/srv/detail/set_takeoff_land__type_support.cpp
[5.330s] -- Installing: /home/zhr/YOPO-ROS2/Controller/install/quadrotor_msgs/include/quadrotor_msgs/quadrotor_msgs/srv/detail/set_takeoff_land__rosidl_typesupport_introspection_cpp.hpp
[5.330s] -- Installing: /home/zhr/YOPO-ROS2/Controller/install/quadrotor_msgs/lib/libquadrotor_msgs__rosidl_typesupport_introspection_cpp.so
[5.330s] -- Set non-toolchain portion of runtime path of "/home/zhr/YOPO-ROS2/Controller/install/quadrotor_msgs/lib/libquadrotor_msgs__rosidl_typesupport_introspection_cpp.so" to ""
[5.330s] -- Installing: /home/zhr/YOPO-ROS2/Controller/install/quadrotor_msgs/lib/libquadrotor_msgs__rosidl_typesupport_cpp.so
[5.330s] -- Set non-toolchain portion of runtime path of "/home/zhr/YOPO-ROS2/Controller/install/quadrotor_msgs/lib/libquadrotor_msgs__rosidl_typesupport_cpp.so" to ""
[5.330s] -- Installing: /home/zhr/YOPO-ROS2/Controller/install/quadrotor_msgs/share/quadrotor_msgs/environment/pythonpath.sh
[5.330s] -- Installing: /home/zhr/YOPO-ROS2/Controller/install/quadrotor_msgs/share/quadrotor_msgs/environment/pythonpath.dsv
[5.330s] -- Installing: /home/zhr/YOPO-ROS2/Controller/install/quadrotor_msgs/lib/python3.12/site-packages/quadrotor_msgs-0.0.0-py3.12.egg-info
[5.330s] -- Installing: /home/zhr/YOPO-ROS2/Controller/install/quadrotor_msgs/lib/python3.12/site-packages/quadrotor_msgs-0.0.0-py3.12.egg-info/PKG-INFO
[5.330s] -- Installing: /home/zhr/YOPO-ROS2/Controller/install/quadrotor_msgs/lib/python3.12/site-packages/quadrotor_msgs-0.0.0-py3.12.egg-info/top_level.txt
[5.330s] -- Installing: /home/zhr/YOPO-ROS2/Controller/install/quadrotor_msgs/lib/python3.12/site-packages/quadrotor_msgs-0.0.0-py3.12.egg-info/SOURCES.txt
[5.330s] -- Installing: /home/zhr/YOPO-ROS2/Controller/install/quadrotor_msgs/lib/python3.12/site-packages/quadrotor_msgs-0.0.0-py3.12.egg-info/dependency_links.txt
[5.330s] -- Installing: /home/zhr/YOPO-ROS2/Controller/install/quadrotor_msgs/lib/python3.12/site-packages/quadrotor_msgs
[5.330s] -- Installing: /home/zhr/YOPO-ROS2/Controller/install/quadrotor_msgs/lib/python3.12/site-packages/quadrotor_msgs/msg
[5.331s] -- Installing: /home/zhr/YOPO-ROS2/Controller/install/quadrotor_msgs/lib/python3.12/site-packages/quadrotor_msgs/msg/_corrections_s.c
[5.331s] -- Installing: /home/zhr/YOPO-ROS2/Controller/install/quadrotor_msgs/lib/python3.12/site-packages/quadrotor_msgs/msg/_aux_command_s.c
[5.331s] -- Installing: /home/zhr/YOPO-ROS2/Controller/install/quadrotor_msgs/lib/python3.12/site-packages/quadrotor_msgs/msg/_ppr_output_data.py
[5.331s] -- Installing: /home/zhr/YOPO-ROS2/Controller/install/quadrotor_msgs/lib/python3.12/site-packages/quadrotor_msgs/msg/_lqr_trajectory.py
[5.331s] -- Installing: /home/zhr/YOPO-ROS2/Controller/install/quadrotor_msgs/lib/python3.12/site-packages/quadrotor_msgs/msg/_position_command_s.c
[5.331s] -- Installing: /home/zhr/YOPO-ROS2/Controller/install/quadrotor_msgs/lib/python3.12/site-packages/quadrotor_msgs/msg/_odometry_s.c
[5.331s] -- Installing: /home/zhr/YOPO-ROS2/Controller/install/quadrotor_msgs/lib/python3.12/site-packages/quadrotor_msgs/msg/_lqr_trajectory_s.c
[5.331s] -- Installing: /home/zhr/YOPO-ROS2/Controller/install/quadrotor_msgs/lib/python3.12/site-packages/quadrotor_msgs/msg/_polynomial_trajectory.py
[5.331s] -- Installing: /home/zhr/YOPO-ROS2/Controller/install/quadrotor_msgs/lib/python3.12/site-packages/quadrotor_msgs/msg/__init__.py
[5.331s] -- Installing: /home/zhr/YOPO-ROS2/Controller/install/quadrotor_msgs/lib/python3.12/site-packages/quadrotor_msgs/msg/_serial_s.c
[5.331s] -- Installing: /home/zhr/YOPO-ROS2/Controller/install/quadrotor_msgs/lib/python3.12/site-packages/quadrotor_msgs/msg/_trpy_command.py
[5.331s] -- Installing: /home/zhr/YOPO-ROS2/Controller/install/quadrotor_msgs/lib/python3.12/site-packages/quadrotor_msgs/msg/_gains_s.c
[5.331s] -- Installing: /home/zhr/YOPO-ROS2/Controller/install/quadrotor_msgs/lib/python3.12/site-packages/quadrotor_msgs/msg/_ppr_output_data_s.c
[5.331s] -- Installing: /home/zhr/YOPO-ROS2/Controller/install/quadrotor_msgs/lib/python3.12/site-packages/quadrotor_msgs/msg/_so3_command_s.c
[5.331s] -- Installing: /home/zhr/YOPO-ROS2/Controller/install/quadrotor_msgs/lib/python3.12/site-packages/quadrotor_msgs/msg/_position_command.py
[5.331s] -- Installing: /home/zhr/YOPO-ROS2/Controller/install/quadrotor_msgs/lib/python3.12/site-packages/quadrotor_msgs/msg/_gains.py
[5.331s] -- Installing: /home/zhr/YOPO-ROS2/Controller/install/quadrotor_msgs/lib/python3.12/site-packages/quadrotor_msgs/msg/_output_data.py
[5.331s] -- Installing: /home/zhr/YOPO-ROS2/Controller/install/quadrotor_msgs/lib/python3.12/site-packages/quadrotor_msgs/msg/_output_data_s.c
[5.331s] -- Installing: /home/zhr/YOPO-ROS2/Controller/install/quadrotor_msgs/lib/python3.12/site-packages/quadrotor_msgs/msg/_aux_command.py
[5.331s] -- Installing: /home/zhr/YOPO-ROS2/Controller/install/quadrotor_msgs/lib/python3.12/site-packages/quadrotor_msgs/msg/_corrections.py
[5.331s] -- Installing: /home/zhr/YOPO-ROS2/Controller/install/quadrotor_msgs/lib/python3.12/site-packages/quadrotor_msgs/msg/_so3_command.py
[5.331s] -- Installing: /home/zhr/YOPO-ROS2/Controller/install/quadrotor_msgs/lib/python3.12/site-packages/quadrotor_msgs/msg/_trpy_command_s.c
[5.331s] -- Installing: /home/zhr/YOPO-ROS2/Controller/install/quadrotor_msgs/lib/python3.12/site-packages/quadrotor_msgs/msg/_status_data.py
[5.331s] -- Installing: /home/zhr/YOPO-ROS2/Controller/install/quadrotor_msgs/lib/python3.12/site-packages/quadrotor_msgs/msg/_polynomial_trajectory_s.c
[5.331s] -- Installing: /home/zhr/YOPO-ROS2/Controller/install/quadrotor_msgs/lib/python3.12/site-packages/quadrotor_msgs/msg/_serial.py
[5.331s] -- Installing: /home/zhr/YOPO-ROS2/Controller/install/quadrotor_msgs/lib/python3.12/site-packages/quadrotor_msgs/msg/_odometry.py
[5.331s] -- Installing: /home/zhr/YOPO-ROS2/Controller/install/quadrotor_msgs/lib/python3.12/site-packages/quadrotor_msgs/msg/_status_data_s.c
[5.331s] -- Installing: /home/zhr/YOPO-ROS2/Controller/install/quadrotor_msgs/lib/python3.12/site-packages/quadrotor_msgs/quadrotor_msgs_s__rosidl_typesupport_fastrtps_c.so
[5.331s] -- Installing: /home/zhr/YOPO-ROS2/Controller/install/quadrotor_msgs/lib/python3.12/site-packages/quadrotor_msgs/__init__.py
[5.332s] -- Installing: /home/zhr/YOPO-ROS2/Controller/install/quadrotor_msgs/lib/python3.12/site-packages/quadrotor_msgs/_quadrotor_msgs_s.ep.rosidl_typesupport_introspection_c.c
[5.332s] -- Installing: /home/zhr/YOPO-ROS2/Controller/install/quadrotor_msgs/lib/python3.12/site-packages/quadrotor_msgs/srv
[5.332s] -- Installing: /home/zhr/YOPO-ROS2/Controller/install/quadrotor_msgs/lib/python3.12/site-packages/quadrotor_msgs/srv/__init__.py
[5.332s] -- Installing: /home/zhr/YOPO-ROS2/Controller/install/quadrotor_msgs/lib/python3.12/site-packages/quadrotor_msgs/srv/_set_takeoff_land_s.c
[5.332s] -- Installing: /home/zhr/YOPO-ROS2/Controller/install/quadrotor_msgs/lib/python3.12/site-packages/quadrotor_msgs/srv/_set_takeoff_land.py
[5.332s] -- Installing: /home/zhr/YOPO-ROS2/Controller/install/quadrotor_msgs/lib/python3.12/site-packages/quadrotor_msgs/_quadrotor_msgs_s.ep.rosidl_typesupport_c.c
[5.332s] -- Installing: /home/zhr/YOPO-ROS2/Controller/install/quadrotor_msgs/lib/python3.12/site-packages/quadrotor_msgs/_quadrotor_msgs_s.ep.rosidl_typesupport_fastrtps_c.c
[5.332s] -- Installing: /home/zhr/YOPO-ROS2/Controller/install/quadrotor_msgs/lib/python3.12/site-packages/quadrotor_msgs/quadrotor_msgs_s__rosidl_typesupport_introspection_c.so
[5.332s] -- Installing: /home/zhr/YOPO-ROS2/Controller/install/quadrotor_msgs/lib/python3.12/site-packages/quadrotor_msgs/quadrotor_msgs_s__rosidl_typesupport_c.so
[5.365s] Listing '/home/zhr/YOPO-ROS2/Controller/install/quadrotor_msgs/lib/python3.12/site-packages/quadrotor_msgs'...
[5.365s] Compiling '/home/zhr/YOPO-ROS2/Controller/install/quadrotor_msgs/lib/python3.12/site-packages/quadrotor_msgs/__init__.py'...
[5.365s] Listing '/home/zhr/YOPO-ROS2/Controller/install/quadrotor_msgs/lib/python3.12/site-packages/quadrotor_msgs/msg'...
[5.365s] Compiling '/home/zhr/YOPO-ROS2/Controller/install/quadrotor_msgs/lib/python3.12/site-packages/quadrotor_msgs/msg/__init__.py'...
[5.365s] Compiling '/home/zhr/YOPO-ROS2/Controller/install/quadrotor_msgs/lib/python3.12/site-packages/quadrotor_msgs/msg/_aux_command.py'...
[5.365s] Compiling '/home/zhr/YOPO-ROS2/Controller/install/quadrotor_msgs/lib/python3.12/site-packages/quadrotor_msgs/msg/_corrections.py'...
[5.365s] Compiling '/home/zhr/YOPO-ROS2/Controller/install/quadrotor_msgs/lib/python3.12/site-packages/quadrotor_msgs/msg/_gains.py'...
[5.365s] Compiling '/home/zhr/YOPO-ROS2/Controller/install/quadrotor_msgs/lib/python3.12/site-packages/quadrotor_msgs/msg/_lqr_trajectory.py'...
[5.365s] Compiling '/home/zhr/YOPO-ROS2/Controller/install/quadrotor_msgs/lib/python3.12/site-packages/quadrotor_msgs/msg/_odometry.py'...
[5.365s] Compiling '/home/zhr/YOPO-ROS2/Controller/install/quadrotor_msgs/lib/python3.12/site-packages/quadrotor_msgs/msg/_output_data.py'...
[5.365s] Compiling '/home/zhr/YOPO-ROS2/Controller/install/quadrotor_msgs/lib/python3.12/site-packages/quadrotor_msgs/msg/_polynomial_trajectory.py'...
[5.365s] Compiling '/home/zhr/YOPO-ROS2/Controller/install/quadrotor_msgs/lib/python3.12/site-packages/quadrotor_msgs/msg/_position_command.py'...
[5.365s] Compiling '/home/zhr/YOPO-ROS2/Controller/install/quadrotor_msgs/lib/python3.12/site-packages/quadrotor_msgs/msg/_ppr_output_data.py'...
[5.365s] Compiling '/home/zhr/YOPO-ROS2/Controller/install/quadrotor_msgs/lib/python3.12/site-packages/quadrotor_msgs/msg/_serial.py'...
[5.365s] Compiling '/home/zhr/YOPO-ROS2/Controller/install/quadrotor_msgs/lib/python3.12/site-packages/quadrotor_msgs/msg/_so3_command.py'...
[5.365s] Compiling '/home/zhr/YOPO-ROS2/Controller/install/quadrotor_msgs/lib/python3.12/site-packages/quadrotor_msgs/msg/_status_data.py'...
[5.365s] Compiling '/home/zhr/YOPO-ROS2/Controller/install/quadrotor_msgs/lib/python3.12/site-packages/quadrotor_msgs/msg/_trpy_command.py'...
[5.365s] Listing '/home/zhr/YOPO-ROS2/Controller/install/quadrotor_msgs/lib/python3.12/site-packages/quadrotor_msgs/srv'...
[5.365s] Compiling '/home/zhr/YOPO-ROS2/Controller/install/quadrotor_msgs/lib/python3.12/site-packages/quadrotor_msgs/srv/__init__.py'...
[5.365s] Compiling '/home/zhr/YOPO-ROS2/Controller/install/quadrotor_msgs/lib/python3.12/site-packages/quadrotor_msgs/srv/_set_takeoff_land.py'...
[5.369s] -- Installing: /home/zhr/YOPO-ROS2/Controller/install/quadrotor_msgs/lib/python3.12/site-packages/quadrotor_msgs/quadrotor_msgs_s__rosidl_typesupport_fastrtps_c.so
[5.369s] -- Set non-toolchain portion of runtime path of "/home/zhr/YOPO-ROS2/Controller/install/quadrotor_msgs/lib/python3.12/site-packages/quadrotor_msgs/quadrotor_msgs_s__rosidl_typesupport_fastrtps_c.so" to ""
[5.369s] -- Installing: /home/zhr/YOPO-ROS2/Controller/install/quadrotor_msgs/lib/python3.12/site-packages/quadrotor_msgs/quadrotor_msgs_s__rosidl_typesupport_introspection_c.so
[5.369s] -- Set non-toolchain portion of runtime path of "/home/zhr/YOPO-ROS2/Controller/install/quadrotor_msgs/lib/python3.12/site-packages/quadrotor_msgs/quadrotor_msgs_s__rosidl_typesupport_introspection_c.so" to ""
[5.369s] -- Installing: /home/zhr/YOPO-ROS2/Controller/install/quadrotor_msgs/lib/python3.12/site-packages/quadrotor_msgs/quadrotor_msgs_s__rosidl_typesupport_c.so
[5.369s] -- Set non-toolchain portion of runtime path of "/home/zhr/YOPO-ROS2/Controller/install/quadrotor_msgs/lib/python3.12/site-packages/quadrotor_msgs/quadrotor_msgs_s__rosidl_typesupport_c.so" to ""
[5.369s] -- Installing: /home/zhr/YOPO-ROS2/Controller/install/quadrotor_msgs/lib/libquadrotor_msgs__rosidl_generator_py.so
[5.369s] -- Set non-toolchain portion of runtime path of "/home/zhr/YOPO-ROS2/Controller/install/quadrotor_msgs/lib/libquadrotor_msgs__rosidl_generator_py.so" to ""
[5.369s] -- Installing: /home/zhr/YOPO-ROS2/Controller/install/quadrotor_msgs/share/quadrotor_msgs/msg/AuxCommand.idl
[5.369s] -- Installing: /home/zhr/YOPO-ROS2/Controller/install/quadrotor_msgs/share/quadrotor_msgs/msg/Corrections.idl
[5.369s] -- Installing: /home/zhr/YOPO-ROS2/Controller/install/quadrotor_msgs/share/quadrotor_msgs/msg/Gains.idl
[5.369s] -- Installing: /home/zhr/YOPO-ROS2/Controller/install/quadrotor_msgs/share/quadrotor_msgs/msg/OutputData.idl
[5.370s] -- Installing: /home/zhr/YOPO-ROS2/Controller/install/quadrotor_msgs/share/quadrotor_msgs/msg/PositionCommand.idl
[5.370s] -- Installing: /home/zhr/YOPO-ROS2/Controller/install/quadrotor_msgs/share/quadrotor_msgs/msg/PPROutputData.idl
[5.370s] -- Installing: /home/zhr/YOPO-ROS2/Controller/install/quadrotor_msgs/share/quadrotor_msgs/msg/Serial.idl
[5.370s] -- Installing: /home/zhr/YOPO-ROS2/Controller/install/quadrotor_msgs/share/quadrotor_msgs/msg/SO3Command.idl
[5.370s] -- Installing: /home/zhr/YOPO-ROS2/Controller/install/quadrotor_msgs/share/quadrotor_msgs/msg/StatusData.idl
[5.370s] -- Installing: /home/zhr/YOPO-ROS2/Controller/install/quadrotor_msgs/share/quadrotor_msgs/msg/TRPYCommand.idl
[5.370s] -- Installing: /home/zhr/YOPO-ROS2/Controller/install/quadrotor_msgs/share/quadrotor_msgs/msg/Odometry.idl
[5.370s] -- Installing: /home/zhr/YOPO-ROS2/Controller/install/quadrotor_msgs/share/quadrotor_msgs/msg/PolynomialTrajectory.idl
[5.370s] -- Installing: /home/zhr/YOPO-ROS2/Controller/install/quadrotor_msgs/share/quadrotor_msgs/msg/LQRTrajectory.idl
[5.370s] -- Installing: /home/zhr/YOPO-ROS2/Controller/install/quadrotor_msgs/share/quadrotor_msgs/srv/SetTakeoffLand.idl
[5.370s] -- Installing: /home/zhr/YOPO-ROS2/Controller/install/quadrotor_msgs/share/quadrotor_msgs/msg/AuxCommand.msg
[5.370s] -- Installing: /home/zhr/YOPO-ROS2/Controller/install/quadrotor_msgs/share/quadrotor_msgs/msg/Corrections.msg
[5.370s] -- Installing: /home/zhr/YOPO-ROS2/Controller/install/quadrotor_msgs/share/quadrotor_msgs/msg/Gains.msg
[5.370s] -- Installing: /home/zhr/YOPO-ROS2/Controller/install/quadrotor_msgs/share/quadrotor_msgs/msg/OutputData.msg
[5.370s] -- Installing: /home/zhr/YOPO-ROS2/Controller/install/quadrotor_msgs/share/quadrotor_msgs/msg/PositionCommand.msg
[5.370s] -- Installing: /home/zhr/YOPO-ROS2/Controller/install/quadrotor_msgs/share/quadrotor_msgs/msg/PPROutputData.msg
[5.370s] -- Installing: /home/zhr/YOPO-ROS2/Controller/install/quadrotor_msgs/share/quadrotor_msgs/msg/Serial.msg
[5.370s] -- Installing: /home/zhr/YOPO-ROS2/Controller/install/quadrotor_msgs/share/quadrotor_msgs/msg/SO3Command.msg
[5.370s] -- Installing: /home/zhr/YOPO-ROS2/Controller/install/quadrotor_msgs/share/quadrotor_msgs/msg/StatusData.msg
[5.370s] -- Installing: /home/zhr/YOPO-ROS2/Controller/install/quadrotor_msgs/share/quadrotor_msgs/msg/TRPYCommand.msg
[5.370s] -- Installing: /home/zhr/YOPO-ROS2/Controller/install/quadrotor_msgs/share/quadrotor_msgs/msg/Odometry.msg
[5.370s] -- Installing: /home/zhr/YOPO-ROS2/Controller/install/quadrotor_msgs/share/quadrotor_msgs/msg/PolynomialTrajectory.msg
[5.370s] -- Installing: /home/zhr/YOPO-ROS2/Controller/install/quadrotor_msgs/share/quadrotor_msgs/msg/LQRTrajectory.msg
[5.370s] -- Installing: /home/zhr/YOPO-ROS2/Controller/install/quadrotor_msgs/share/quadrotor_msgs/srv/SetTakeoffLand.srv
[5.371s] -- Installing: /home/zhr/YOPO-ROS2/Controller/install/quadrotor_msgs/lib/libdecode_msgs.so
[5.371s] -- Set non-toolchain portion of runtime path of "/home/zhr/YOPO-ROS2/Controller/install/quadrotor_msgs/lib/libdecode_msgs.so" to ""
[5.371s] -- Installing: /home/zhr/YOPO-ROS2/Controller/install/quadrotor_msgs/lib/libencode_msgs.so
[5.371s] -- Set non-toolchain portion of runtime path of "/home/zhr/YOPO-ROS2/Controller/install/quadrotor_msgs/lib/libencode_msgs.so" to ""
[5.371s] -- Up-to-date: /home/zhr/YOPO-ROS2/Controller/install/quadrotor_msgs/include
[5.371s] -- Up-to-date: /home/zhr/YOPO-ROS2/Controller/install/quadrotor_msgs/include/quadrotor_msgs
[5.371s] -- Installing: /home/zhr/YOPO-ROS2/Controller/install/quadrotor_msgs/include/quadrotor_msgs/comm_types.h
[5.371s] -- Installing: /home/zhr/YOPO-ROS2/Controller/install/quadrotor_msgs/include/quadrotor_msgs/decode_msgs.h
[5.371s] -- Installing: /home/zhr/YOPO-ROS2/Controller/install/quadrotor_msgs/include/quadrotor_msgs/encode_msgs.h
[5.371s] -- Installing: /home/zhr/YOPO-ROS2/Controller/install/quadrotor_msgs/share/ament_index/resource_index/package_run_dependencies/quadrotor_msgs
[5.371s] -- Installing: /home/zhr/YOPO-ROS2/Controller/install/quadrotor_msgs/share/ament_index/resource_index/parent_prefix_path/quadrotor_msgs
[5.371s] -- Installing: /home/zhr/YOPO-ROS2/Controller/install/quadrotor_msgs/share/quadrotor_msgs/environment/ament_prefix_path.sh
[5.371s] -- Installing: /home/zhr/YOPO-ROS2/Controller/install/quadrotor_msgs/share/quadrotor_msgs/environment/ament_prefix_path.dsv
[5.371s] -- Installing: /home/zhr/YOPO-ROS2/Controller/install/quadrotor_msgs/share/quadrotor_msgs/environment/path.sh
[5.371s] -- Installing: /home/zhr/YOPO-ROS2/Controller/install/quadrotor_msgs/share/quadrotor_msgs/environment/path.dsv
[5.371s] -- Installing: /home/zhr/YOPO-ROS2/Controller/install/quadrotor_msgs/share/quadrotor_msgs/local_setup.bash
[5.371s] -- Installing: /home/zhr/YOPO-ROS2/Controller/install/quadrotor_msgs/share/quadrotor_msgs/local_setup.sh
[5.371s] -- Installing: /home/zhr/YOPO-ROS2/Controller/install/quadrotor_msgs/share/quadrotor_msgs/local_setup.zsh
[5.371s] -- Installing: /home/zhr/YOPO-ROS2/Controller/install/quadrotor_msgs/share/quadrotor_msgs/local_setup.dsv
[5.371s] -- Installing: /home/zhr/YOPO-ROS2/Controller/install/quadrotor_msgs/share/quadrotor_msgs/package.dsv
[5.371s] -- Installing: /home/zhr/YOPO-ROS2/Controller/install/quadrotor_msgs/share/ament_index/resource_index/packages/quadrotor_msgs
[5.372s] -- Installing: /home/zhr/YOPO-ROS2/Controller/install/quadrotor_msgs/share/quadrotor_msgs/cmake/export_quadrotor_msgs__rosidl_generator_cExport.cmake
[5.372s] -- Installing: /home/zhr/YOPO-ROS2/Controller/install/quadrotor_msgs/share/quadrotor_msgs/cmake/export_quadrotor_msgs__rosidl_generator_cExport-noconfig.cmake
[5.372s] -- Installing: /home/zhr/YOPO-ROS2/Controller/install/quadrotor_msgs/share/quadrotor_msgs/cmake/export_quadrotor_msgs__rosidl_typesupport_fastrtps_cExport.cmake
[5.372s] -- Installing: /home/zhr/YOPO-ROS2/Controller/install/quadrotor_msgs/share/quadrotor_msgs/cmake/export_quadrotor_msgs__rosidl_typesupport_fastrtps_cExport-noconfig.cmake
[5.372s] -- Installing: /home/zhr/YOPO-ROS2/Controller/install/quadrotor_msgs/share/quadrotor_msgs/cmake/export_quadrotor_msgs__rosidl_generator_cppExport.cmake
[5.372s] -- Installing: /home/zhr/YOPO-ROS2/Controller/install/quadrotor_msgs/share/quadrotor_msgs/cmake/export_quadrotor_msgs__rosidl_typesupport_fastrtps_cppExport.cmake
[5.372s] -- Installing: /home/zhr/YOPO-ROS2/Controller/install/quadrotor_msgs/share/quadrotor_msgs/cmake/export_quadrotor_msgs__rosidl_typesupport_fastrtps_cppExport-noconfig.cmake
[5.372s] -- Installing: /home/zhr/YOPO-ROS2/Controller/install/quadrotor_msgs/share/quadrotor_msgs/cmake/quadrotor_msgs__rosidl_typesupport_introspection_cExport.cmake
[5.372s] -- Installing: /home/zhr/YOPO-ROS2/Controller/install/quadrotor_msgs/share/quadrotor_msgs/cmake/quadrotor_msgs__rosidl_typesupport_introspection_cExport-noconfig.cmake
[5.372s] -- Installing: /home/zhr/YOPO-ROS2/Controller/install/quadrotor_msgs/share/quadrotor_msgs/cmake/quadrotor_msgs__rosidl_typesupport_cExport.cmake
[5.372s] -- Installing: /home/zhr/YOPO-ROS2/Controller/install/quadrotor_msgs/share/quadrotor_msgs/cmake/quadrotor_msgs__rosidl_typesupport_cExport-noconfig.cmake
[5.372s] -- Installing: /home/zhr/YOPO-ROS2/Controller/install/quadrotor_msgs/share/quadrotor_msgs/cmake/quadrotor_msgs__rosidl_typesupport_introspection_cppExport.cmake
[5.372s] -- Installing: /home/zhr/YOPO-ROS2/Controller/install/quadrotor_msgs/share/quadrotor_msgs/cmake/quadrotor_msgs__rosidl_typesupport_introspection_cppExport-noconfig.cmake
[5.372s] -- Installing: /home/zhr/YOPO-ROS2/Controller/install/quadrotor_msgs/share/quadrotor_msgs/cmake/quadrotor_msgs__rosidl_typesupport_cppExport.cmake
[5.372s] -- Installing: /home/zhr/YOPO-ROS2/Controller/install/quadrotor_msgs/share/quadrotor_msgs/cmake/quadrotor_msgs__rosidl_typesupport_cppExport-noconfig.cmake
[5.372s] -- Installing: /home/zhr/YOPO-ROS2/Controller/install/quadrotor_msgs/share/quadrotor_msgs/cmake/export_quadrotor_msgs__rosidl_generator_pyExport.cmake
[5.372s] -- Installing: /home/zhr/YOPO-ROS2/Controller/install/quadrotor_msgs/share/quadrotor_msgs/cmake/export_quadrotor_msgs__rosidl_generator_pyExport-noconfig.cmake
[5.372s] -- Installing: /home/zhr/YOPO-ROS2/Controller/install/quadrotor_msgs/share/quadrotor_msgs/cmake/rosidl_cmake-extras.cmake
[5.372s] -- Installing: /home/zhr/YOPO-ROS2/Controller/install/quadrotor_msgs/share/quadrotor_msgs/cmake/ament_cmake_export_dependencies-extras.cmake
[5.373s] -- Installing: /home/zhr/YOPO-ROS2/Controller/install/quadrotor_msgs/share/quadrotor_msgs/cmake/ament_cmake_export_include_directories-extras.cmake
[5.373s] -- Installing: /home/zhr/YOPO-ROS2/Controller/install/quadrotor_msgs/share/quadrotor_msgs/cmake/ament_cmake_export_libraries-extras.cmake
[5.373s] -- Installing: /home/zhr/YOPO-ROS2/Controller/install/quadrotor_msgs/share/quadrotor_msgs/cmake/ament_cmake_export_targets-extras.cmake
[5.373s] -- Installing: /home/zhr/YOPO-ROS2/Controller/install/quadrotor_msgs/share/quadrotor_msgs/cmake/rosidl_cmake_export_typesupport_targets-extras.cmake
[5.373s] -- Installing: /home/zhr/YOPO-ROS2/Controller/install/quadrotor_msgs/share/quadrotor_msgs/cmake/rosidl_cmake_export_typesupport_libraries-extras.cmake
[5.373s] -- Installing: /home/zhr/YOPO-ROS2/Controller/install/quadrotor_msgs/share/quadrotor_msgs/cmake/quadrotor_msgsConfig.cmake
[5.373s] -- Installing: /home/zhr/YOPO-ROS2/Controller/install/quadrotor_msgs/share/quadrotor_msgs/cmake/quadrotor_msgsConfig-version.cmake
[5.373s] -- Installing: /home/zhr/YOPO-ROS2/Controller/install/quadrotor_msgs/share/quadrotor_msgs/package.xml
[5.374s] Invoked command in '/home/zhr/YOPO-ROS2/Controller/build/quadrotor_msgs' returned '0': CMAKE_PREFIX_PATH=${CMAKE_PREFIX_PATH}:/opt/ros/jazzy DEBUGINFOD_URLS=https://debuginfod.ubuntu.com /usr/bin/cmake --install /home/zhr/YOPO-ROS2/Controller/build/quadrotor_msgs
