[0.000000] (-) TimerEvent: {}
[0.000157] (-) JobUnselected: {'identifier': 'cmake_utils'}
[0.000251] (-) JobUnselected: {'identifier': 'mavros_msgs'}
[0.000290] (-) JobUnselected: {'identifier': 'quadrotor_msgs'}
[0.000299] (-) JobUnselected: {'identifier': 'so3_control'}
[0.000400] (-) JobUnselected: {'identifier': 'uav_utils'}
[0.000518] (so3_quadrotor_simulator) JobQueued: {'identifier': 'so3_quadrotor_simulator', 'dependencies': OrderedDict({'cmake_utils': '/home/zhr/YOPO-ROS2/Controller/install/cmake_utils', 'quadrotor_msgs': '/home/zhr/YOPO-ROS2/Controller/install/quadrotor_msgs', 'uav_utils': '/home/zhr/YOPO-ROS2/Controller/install/uav_utils'})}
[0.000553] (so3_quadrotor_simulator) JobStarted: {'identifier': 'so3_quadrotor_simulator'}
[0.006396] (so3_quadrotor_simulator) JobProgress: {'identifier': 'so3_quadrotor_simulator', 'progress': 'cmake'}
[0.006773] (so3_quadrotor_simulator) Command: {'cmd': ['/usr/bin/cmake', '/home/zhr/YOPO-ROS2/Controller/src/so3_quadrotor_simulator', '-DAMENT_CMAKE_SYMLINK_INSTALL=1', '-DCMAKE_INSTALL_PREFIX=/home/zhr/YOPO-ROS2/Controller/install/so3_quadrotor_simulator'], 'cwd': '/home/zhr/YOPO-ROS2/Controller/build/so3_quadrotor_simulator', 'env': OrderedDict({'PYTHON_BASIC_REPL': '1', 'LESSOPEN': '| /usr/bin/lesspipe %s', 'CONDA_PROMPT_MODIFIER': '(base)', 'LANGUAGE': 'zh_CN', 'USER': 'zhr', 'FONTCONFIG_PATH': '/etc/fonts', 'GIT_EDITOR': ':', 'GIO_MODULE_DIR': '/home/zhr/snap/code/common/.cache/gio-modules', 'XDG_SESSION_TYPE': 'x11', 'GIT_ASKPASS': '/snap/code/233/usr/share/code/resources/app/extensions/git/dist/askpass.sh', 'GTK_EXE_PREFIX_VSCODE_SNAP_ORIG': '', 'GDK_BACKEND_VSCODE_SNAP_ORIG': '', 'SHLVL': '2', 'LD_LIBRARY_PATH': '/home/zhr/YOPO-ROS2/Controller/install/quadrotor_msgs/lib:/opt/ros/jazzy/opt/rviz_ogre_vendor/lib:/opt/ros/jazzy/lib/x86_64-linux-gnu:/opt/ros/jazzy/opt/gz_math_vendor/lib:/opt/ros/jazzy/opt/gz_utils_vendor/lib:/opt/ros/jazzy/opt/gz_cmake_vendor/lib:/opt/ros/jazzy/lib', 'HOME': '/home/zhr', 'CHROME_DESKTOP': 'code.desktop', 'CONDA_SHLVL': '1', 'LOCPATH_VSCODE_SNAP_ORIG': '', 'OLDPWD': '/home/zhr/YOPO-ROS2', 'TERM_PROGRAM_VERSION': '1.115.0', 'DESKTOP_SESSION': 'ubuntu', 'GTK_PATH': '/snap/code/233/usr/lib/x86_64-linux-gnu/gtk-3.0', 'XDG_DATA_HOME_VSCODE_SNAP_ORIG': '', 'GTK_IM_MODULE_FILE': '/home/zhr/snap/code/common/.cache/immodules/immodules.cache', 'ROS_PYTHON_VERSION': '3', 'GNOME_SHELL_SESSION_MODE': 'ubuntu', 'GTK_MODULES': 'gail:atk-bridge', 'XDG_SEAT_PATH': '/org/freedesktop/DisplayManager/Seat0', 'GSETTINGS_SCHEMA_DIR_VSCODE_SNAP_ORIG': '', 'VSCODE_GIT_ASKPASS_MAIN': '/snap/code/233/usr/share/code/resources/app/extensions/git/dist/askpass-main.js', 'VSCODE_GIT_ASKPASS_NODE': '/snap/code/233/usr/share/code/code', 'MANAGERPID': '2269', 'PYDEVD_DISABLE_FILE_VALIDATION': '1', 'SYSTEMD_EXEC_PID': '2664', 'BUNDLED_DEBUGPY_PATH': '/home/zhr/.vscode/extensions/ms-python.debugpy-2025.18.0-linux-x64/bundled/libs/debugpy', 'VSCODE_PYTHON_AUTOACTIVATE_GUARD': '1', 'GSM_SKIP_SSH_AGENT_WORKAROUND': 'true', 'DBUS_SESSION_BUS_ADDRESS': 'unix:path=/run/user/1000/bus', 'COLORTERM': 'truecolor', '_CE_M': '', 'TERMINATOR_DBUS_NAME': 'net.tenshu.Terminator21a9d5db22c73a993ff0b42f64b396873', '_CONDA_ROOT': '/home/zhr/miniconda3', 'GIO_LAUNCHED_DESKTOP_FILE_PID': '3577', 'GNOME_KEYRING_CONTROL': '/run/user/1000/keyring', 'DEBUGINFOD_URLS': 'https://debuginfod.ubuntu.com', 'MANDATORY_PATH': '/usr/share/gconf/ubuntu.mandatory.path', 'ROS_DISTRO': 'jazzy', 'LOGNAME': 'zhr', 'JOURNAL_STREAM': '9:20044', '_': '/usr/bin/colcon', 'ROS_VERSION': '2', 'XDG_CONFIG_DIRS_VSCODE_SNAP_ORIG': '/etc/xdg/xdg-ubuntu:/etc/xdg', 'MEMORY_PRESSURE_WATCH': '/sys/fs/cgroup/user.slice/user-1000.slice/user@1000.service/session.slice/org.gnome.SettingsDaemon.MediaKeys.service/memory.pressure', 'XDG_SESSION_CLASS': 'user', 'DEFAULTS_PATH': '/usr/share/gconf/ubuntu.default.path', 'XDG_DATA_DIRS_VSCODE_SNAP_ORIG': '/usr/share/ubuntu:/usr/share/gnome:/usr/local/share:/usr/share:/var/lib/snapd/desktop', 'TERM': 'xterm-256color', 'GNOME_DESKTOP_SESSION_ID': 'this-is-deprecated', '_CE_CONDA': '', 'FC_FONTATIONS': '1', 'HISTCONTROL': 'ignorespace', 'PATH': '/home/zhr/.config/Code/User/globalStorage/github.copilot-chat/debugCommand:/home/zhr/.config/Code/User/globalStorage/github.copilot-chat/copilotCli:/home/zhr/miniconda3/bin:/home/zhr/miniconda3/condabin:/opt/ros/jazzy/bin:/usr/local/sbin:/usr/local/bin:/usr/sbin:/usr/bin:/sbin:/bin:/usr/games:/usr/local/games:/snap/bin:/home/zhr/.vscode/extensions/ms-python.debugpy-2025.18.0-linux-x64/bundled/scripts/noConfigScripts', 'SESSION_MANAGER': 'local/zhr-lab-PC:@/tmp/.ICE-unix/2511,unix/zhr-lab-PC:/tmp/.ICE-unix/2511', 'GTK_EXE_PREFIX': '/snap/code/233/usr', 'GDM_LANG': 'zh_CN', 'INVOCATION_ID': '2af8aa3a4b0e4746b5a8b6ed91be4186', 'XDG_SESSION_PATH': '/org/freedesktop/DisplayManager/Session0', 'XDG_MENU_PREFIX': 'gnome-', 'XDG_RUNTIME_DIR': '/run/user/1000', 'GDK_BACKEND': 'x11', 'DISPLAY': ':0', 'LOCPATH': '/snap/code/233/usr/lib/locale', 'VSCODE_DEBUGPY_ADAPTER_ENDPOINTS': '/home/zhr/.vscode/extensions/ms-python.debugpy-2025.18.0-linux-x64/.noConfigDebugAdapterEndpoints/endpoint-73b5abc4e2ba580e.txt', 'TERMINATOR_DBUS_PATH': '/net/tenshu/Terminator2', 'LANG': 'zh_CN.UTF-8', 'XDG_CURRENT_DESKTOP': 'ubuntu:GNOME', 'PYTHONSTARTUP': '/home/zhr/.config/Code/User/workspaceStorage/ccc9fa3ab12471dee2ab8e1769a9580a/ms-python.python/pythonrc.py', 'GIO_MODULE_DIR_VSCODE_SNAP_ORIG': '', 'XDG_DATA_HOME': '/home/zhr/snap/code/233/.local/share', 'XMODIFIERS': '@im=ibus', 'XDG_SESSION_DESKTOP': 'ubuntu', 'XAUTHORITY': '/home/zhr/.Xauthority', 'LS_COLORS': 'rs=0:di=01;34:ln=01;36:mh=00:pi=40;33:so=01;35:do=01;35:bd=40;33;01:cd=40;33;01:or=40;31;01:mi=00:su=37;41:sg=30;43:ca=00:tw=30;42:ow=34;42:st=37;44:ex=01;32:*.tar=01;31:*.tgz=01;31:*.arc=01;31:*.arj=01;31:*.taz=01;31:*.lha=01;31:*.lz4=01;31:*.lzh=01;31:*.lzma=01;31:*.tlz=01;31:*.txz=01;31:*.tzo=01;31:*.t7z=01;31:*.zip=01;31:*.z=01;31:*.dz=01;31:*.gz=01;31:*.lrz=01;31:*.lz=01;31:*.lzo=01;31:*.xz=01;31:*.zst=01;31:*.tzst=01;31:*.bz2=01;31:*.bz=01;31:*.tbz=01;31:*.tbz2=01;31:*.tz=01;31:*.deb=01;31:*.rpm=01;31:*.jar=01;31:*.war=01;31:*.ear=01;31:*.sar=01;31:*.rar=01;31:*.alz=01;31:*.ace=01;31:*.zoo=01;31:*.cpio=01;31:*.7z=01;31:*.rz=01;31:*.cab=01;31:*.wim=01;31:*.swm=01;31:*.dwm=01;31:*.esd=01;31:*.avif=01;35:*.jpg=01;35:*.jpeg=01;35:*.mjpg=01;35:*.mjpeg=01;35:*.gif=01;35:*.bmp=01;35:*.pbm=01;35:*.pgm=01;35:*.ppm=01;35:*.tga=01;35:*.xbm=01;35:*.xpm=01;35:*.tif=01;35:*.tiff=01;35:*.png=01;35:*.svg=01;35:*.svgz=01;35:*.mng=01;35:*.pcx=01;35:*.mov=01;35:*.mpg=01;35:*.mpeg=01;35:*.m2v=01;35:*.mkv=01;35:*.webm=01;35:*.webp=01;35:*.ogm=01;35:*.mp4=01;35:*.m4v=01;35:*.mp4v=01;35:*.vob=01;35:*.qt=01;35:*.nuv=01;35:*.wmv=01;35:*.asf=01;35:*.rm=01;35:*.rmvb=01;35:*.flc=01;35:*.avi=01;35:*.fli=01;35:*.flv=01;35:*.gl=01;35:*.dl=01;35:*.xcf=01;35:*.xwd=01;35:*.yuv=01;35:*.cgm=01;35:*.emf=01;35:*.ogv=01;35:*.ogx=01;35:*.aac=00;36:*.au=00;36:*.flac=00;36:*.m4a=00;36:*.mid=00;36:*.midi=00;36:*.mka=00;36:*.mp3=00;36:*.mpc=00;36:*.ogg=00;36:*.ra=00;36:*.wav=00;36:*.oga=00;36:*.opus=00;36:*.spx=00;36:*.xspf=00;36:*~=00;90:*#=00;90:*.bak=00;90:*.crdownload=00;90:*.dpkg-dist=00;90:*.dpkg-new=00;90:*.dpkg-old=00;90:*.dpkg-tmp=00;90:*.old=00;90:*.orig=00;90:*.part=00;90:*.rej=00;90:*.rpmnew=00;90:*.rpmorig=00;90:*.rpmsave=00;90:*.swp=00;90:*.tmp=00;90:*.ucf-dist=00;90:*.ucf-new=00;90:*.ucf-old=00;90:', 'VSCODE_GIT_IPC_HANDLE': '/run/user/1000/vscode-git-9feb23b85d.sock', 'TERM_PROGRAM': 'vscode', 'SSH_AUTH_SOCK': '/run/user/1000/keyring/ssh', 'GSETTINGS_SCHEMA_DIR': '/home/zhr/snap/code/233/.local/share/glib-2.0/schemas', 'XDG_GREETER_DATA_DIR': '/var/lib/lightdm-data/zhr', 'AMENT_PREFIX_PATH': '/home/zhr/YOPO-ROS2/Controller/install/uav_utils:/home/zhr/YOPO-ROS2/Controller/install/quadrotor_msgs:/home/zhr/YOPO-ROS2/Controller/install/cmake_utils:/opt/ros/jazzy', 'CONDA_PYTHON_EXE': '/home/zhr/miniconda3/bin/python', 'SHELL': '/bin/bash', 'TERMINATOR_UUID': 'urn:uuid:185e0225-422e-4f04-bea7-4b1800b12a50', 'QT_ACCESSIBILITY': '1', 'NO_AT_BRIDGE': '1', 'GDMSESSION': 'ubuntu', 'LESSCLOSE': '/usr/bin/lesspipe %s %s', 'GTK_PATH_VSCODE_SNAP_ORIG': '', 'CONDA_DEFAULT_ENV': 'base', 'FONTCONFIG_FILE': '/etc/fonts/fonts.conf', 'GTK_IM_MODULE_FILE_VSCODE_SNAP_ORIG': '', 'GPG_AGENT_INFO': '/run/user/1000/gnupg/S.gpg-agent:0:1', '_CONDA_EXE': '/home/zhr/miniconda3/bin/conda', 'FLIGHTMARE_PATH': '/home/zhr/flightmare', 'ROS_AUTOMATIC_DISCOVERY_RANGE': 'SUBNET', 'VSCODE_GIT_ASKPASS_EXTRA_ARGS': '', 'GIT_PAGER': 'cat', 'QT_IM_MODULE': 'ibus', 'PWD': '/home/zhr/YOPO-ROS2/Controller/build/so3_quadrotor_simulator', 'GIT_MERGE_AUTOEDIT': 'no', 'XDG_CONFIG_DIRS': '/etc/xdg/xdg-ubuntu:/etc/xdg', 'CONDA_EXE': '/home/zhr/miniconda3/bin/conda', 'XDG_DATA_DIRS': '/home/zhr/snap/code/233/.local/share:/home/zhr/snap/code/233:/snap/code/233/usr/share:/usr/share/ubuntu:/usr/share/gnome:/usr/local/share:/usr/share:/var/lib/snapd/desktop', 'PYTHONPATH': '/home/zhr/YOPO-ROS2/Controller/install/quadrotor_msgs/lib/python3.12/site-packages:/opt/ros/jazzy/lib/python3.12/site-packages', 'CONDA_PREFIX': '/home/zhr/miniconda3', 'COLCON': '1', 'MEMORY_PRESSURE_WRITE': 'c29tZSAyMDAwMDAgMjAwMDAwMAA=', 'VTE_VERSION': '7600', 'CMAKE_PREFIX_PATH': '/home/zhr/YOPO-ROS2/Controller/install/uav_utils:/home/zhr/YOPO-ROS2/Controller/install/quadrotor_msgs:/home/zhr/YOPO-ROS2/Controller/install/cmake_utils:/opt/ros/jazzy/opt/gz_math_vendor:/opt/ros/jazzy/opt/gz_utils_vendor:/opt/ros/jazzy/opt/gz_cmake_vendor:/opt/ros/jazzy'}), 'shell': False}
[0.014222] (so3_quadrotor_simulator) StdoutLine: {'line': b'-- Found ament_cmake: 2.5.5 (/opt/ros/jazzy/share/ament_cmake/cmake)\n'}
[0.099831] (-) TimerEvent: {}
[0.114191] (so3_quadrotor_simulator) StdoutLine: {'line': b'-- Override CMake install command with custom implementation using symlinks instead of copying resources\n'}
[0.117294] (so3_quadrotor_simulator) StdoutLine: {'line': b'-- Found ament_index_cpp: 1.8.2 (/opt/ros/jazzy/share/ament_index_cpp/cmake)\n'}
[0.117627] (so3_quadrotor_simulator) StdoutLine: {'line': b'-- Found rclcpp: 28.1.16 (/opt/ros/jazzy/share/rclcpp/cmake)\n'}
[0.130586] (so3_quadrotor_simulator) StdoutLine: {'line': b'-- Found rosidl_generator_c: 4.6.7 (/opt/ros/jazzy/share/rosidl_generator_c/cmake)\n'}
[0.134689] (so3_quadrotor_simulator) StdoutLine: {'line': b'-- Found rosidl_generator_cpp: 4.6.7 (/opt/ros/jazzy/share/rosidl_generator_cpp/cmake)\n'}
[0.140101] (so3_quadrotor_simulator) StdoutLine: {'line': b'-- Using all available rosidl_typesupport_c: rosidl_typesupport_fastrtps_c;rosidl_typesupport_introspection_c\n'}
[0.145770] (so3_quadrotor_simulator) StdoutLine: {'line': b'-- Using all available rosidl_typesupport_cpp: rosidl_typesupport_fastrtps_cpp;rosidl_typesupport_introspection_cpp\n'}
[0.174151] (so3_quadrotor_simulator) StdoutLine: {'line': b'-- Found rmw_implementation_cmake: 7.3.3 (/opt/ros/jazzy/share/rmw_implementation_cmake/cmake)\n'}
[0.174737] (so3_quadrotor_simulator) StdoutLine: {'line': b'-- Found rmw_fastrtps_cpp: 8.4.3 (/opt/ros/jazzy/share/rmw_fastrtps_cpp/cmake)\n'}
[0.199895] (-) TimerEvent: {}
[0.206967] (so3_quadrotor_simulator) StdoutLine: {'line': b"-- Using RMW implementation 'rmw_fastrtps_cpp' as default\n"}
[0.238215] (so3_quadrotor_simulator) StdoutLine: {'line': b'-- Found quadrotor_msgs: 0.0.0 (/home/zhr/YOPO-ROS2/Controller/install/quadrotor_msgs/share/quadrotor_msgs/cmake)\n'}
[0.286267] (so3_quadrotor_simulator) StdoutLine: {'line': b'-- Found uav_utils: 0.0.0 (/home/zhr/YOPO-ROS2/Controller/install/uav_utils/share/uav_utils/cmake)\n'}
[0.299951] (-) TimerEvent: {}
[0.302698] (so3_quadrotor_simulator) StdoutLine: {'line': b'-- Found tf2_ros: 0.36.19 (/opt/ros/jazzy/share/tf2_ros/cmake)\n'}
[0.356590] (so3_quadrotor_simulator) StdoutLine: {'line': b'-- Found visualization_msgs: 5.3.6 (/opt/ros/jazzy/share/visualization_msgs/cmake)\n'}
[0.400067] (-) TimerEvent: {}
[0.430312] (so3_quadrotor_simulator) StdoutLine: {'line': b'-- Configuring done (0.4s)\n'}
[0.442656] (so3_quadrotor_simulator) StdoutLine: {'line': b'-- Generating done (0.0s)\n'}
[0.444770] (so3_quadrotor_simulator) StdoutLine: {'line': b'-- Build files have been written to: /home/zhr/YOPO-ROS2/Controller/build/so3_quadrotor_simulator\n'}
[0.450614] (so3_quadrotor_simulator) CommandEnded: {'returncode': 0}
[0.450952] (so3_quadrotor_simulator) JobProgress: {'identifier': 'so3_quadrotor_simulator', 'progress': 'build'}
[0.451230] (so3_quadrotor_simulator) Command: {'cmd': ['/usr/bin/cmake', '--build', '/home/zhr/YOPO-ROS2/Controller/build/so3_quadrotor_simulator', '--', '-j32', '-l32'], 'cwd': '/home/zhr/YOPO-ROS2/Controller/build/so3_quadrotor_simulator', 'env': OrderedDict({'PYTHON_BASIC_REPL': '1', 'LESSOPEN': '| /usr/bin/lesspipe %s', 'CONDA_PROMPT_MODIFIER': '(base)', 'LANGUAGE': 'zh_CN', 'USER': 'zhr', 'FONTCONFIG_PATH': '/etc/fonts', 'GIT_EDITOR': ':', 'GIO_MODULE_DIR': '/home/zhr/snap/code/common/.cache/gio-modules', 'XDG_SESSION_TYPE': 'x11', 'GIT_ASKPASS': '/snap/code/233/usr/share/code/resources/app/extensions/git/dist/askpass.sh', 'GTK_EXE_PREFIX_VSCODE_SNAP_ORIG': '', 'GDK_BACKEND_VSCODE_SNAP_ORIG': '', 'SHLVL': '2', 'LD_LIBRARY_PATH': '/home/zhr/YOPO-ROS2/Controller/install/quadrotor_msgs/lib:/opt/ros/jazzy/opt/rviz_ogre_vendor/lib:/opt/ros/jazzy/lib/x86_64-linux-gnu:/opt/ros/jazzy/opt/gz_math_vendor/lib:/opt/ros/jazzy/opt/gz_utils_vendor/lib:/opt/ros/jazzy/opt/gz_cmake_vendor/lib:/opt/ros/jazzy/lib', 'HOME': '/home/zhr', 'CHROME_DESKTOP': 'code.desktop', 'CONDA_SHLVL': '1', 'LOCPATH_VSCODE_SNAP_ORIG': '', 'OLDPWD': '/home/zhr/YOPO-ROS2', 'TERM_PROGRAM_VERSION': '1.115.0', 'DESKTOP_SESSION': 'ubuntu', 'GTK_PATH': '/snap/code/233/usr/lib/x86_64-linux-gnu/gtk-3.0', 'XDG_DATA_HOME_VSCODE_SNAP_ORIG': '', 'GTK_IM_MODULE_FILE': '/home/zhr/snap/code/common/.cache/immodules/immodules.cache', 'ROS_PYTHON_VERSION': '3', 'GNOME_SHELL_SESSION_MODE': 'ubuntu', 'GTK_MODULES': 'gail:atk-bridge', 'XDG_SEAT_PATH': '/org/freedesktop/DisplayManager/Seat0', 'GSETTINGS_SCHEMA_DIR_VSCODE_SNAP_ORIG': '', 'VSCODE_GIT_ASKPASS_MAIN': '/snap/code/233/usr/share/code/resources/app/extensions/git/dist/askpass-main.js', 'VSCODE_GIT_ASKPASS_NODE': '/snap/code/233/usr/share/code/code', 'MANAGERPID': '2269', 'PYDEVD_DISABLE_FILE_VALIDATION': '1', 'SYSTEMD_EXEC_PID': '2664', 'BUNDLED_DEBUGPY_PATH': '/home/zhr/.vscode/extensions/ms-python.debugpy-2025.18.0-linux-x64/bundled/libs/debugpy', 'VSCODE_PYTHON_AUTOACTIVATE_GUARD': '1', 'GSM_SKIP_SSH_AGENT_WORKAROUND': 'true', 'DBUS_SESSION_BUS_ADDRESS': 'unix:path=/run/user/1000/bus', 'COLORTERM': 'truecolor', '_CE_M': '', 'TERMINATOR_DBUS_NAME': 'net.tenshu.Terminator21a9d5db22c73a993ff0b42f64b396873', '_CONDA_ROOT': '/home/zhr/miniconda3', 'GIO_LAUNCHED_DESKTOP_FILE_PID': '3577', 'GNOME_KEYRING_CONTROL': '/run/user/1000/keyring', 'DEBUGINFOD_URLS': 'https://debuginfod.ubuntu.com', 'MANDATORY_PATH': '/usr/share/gconf/ubuntu.mandatory.path', 'ROS_DISTRO': 'jazzy', 'LOGNAME': 'zhr', 'JOURNAL_STREAM': '9:20044', '_': '/usr/bin/colcon', 'ROS_VERSION': '2', 'XDG_CONFIG_DIRS_VSCODE_SNAP_ORIG': '/etc/xdg/xdg-ubuntu:/etc/xdg', 'MEMORY_PRESSURE_WATCH': '/sys/fs/cgroup/user.slice/user-1000.slice/user@1000.service/session.slice/org.gnome.SettingsDaemon.MediaKeys.service/memory.pressure', 'XDG_SESSION_CLASS': 'user', 'DEFAULTS_PATH': '/usr/share/gconf/ubuntu.default.path', 'XDG_DATA_DIRS_VSCODE_SNAP_ORIG': '/usr/share/ubuntu:/usr/share/gnome:/usr/local/share:/usr/share:/var/lib/snapd/desktop', 'TERM': 'xterm-256color', 'GNOME_DESKTOP_SESSION_ID': 'this-is-deprecated', '_CE_CONDA': '', 'FC_FONTATIONS': '1', 'HISTCONTROL': 'ignorespace', 'PATH': '/home/zhr/.config/Code/User/globalStorage/github.copilot-chat/debugCommand:/home/zhr/.config/Code/User/globalStorage/github.copilot-chat/copilotCli:/home/zhr/miniconda3/bin:/home/zhr/miniconda3/condabin:/opt/ros/jazzy/bin:/usr/local/sbin:/usr/local/bin:/usr/sbin:/usr/bin:/sbin:/bin:/usr/games:/usr/local/games:/snap/bin:/home/zhr/.vscode/extensions/ms-python.debugpy-2025.18.0-linux-x64/bundled/scripts/noConfigScripts', 'SESSION_MANAGER': 'local/zhr-lab-PC:@/tmp/.ICE-unix/2511,unix/zhr-lab-PC:/tmp/.ICE-unix/2511', 'GTK_EXE_PREFIX': '/snap/code/233/usr', 'GDM_LANG': 'zh_CN', 'INVOCATION_ID': '2af8aa3a4b0e4746b5a8b6ed91be4186', 'XDG_SESSION_PATH': '/org/freedesktop/DisplayManager/Session0', 'XDG_MENU_PREFIX': 'gnome-', 'XDG_RUNTIME_DIR': '/run/user/1000', 'GDK_BACKEND': 'x11', 'DISPLAY': ':0', 'LOCPATH': '/snap/code/233/usr/lib/locale', 'VSCODE_DEBUGPY_ADAPTER_ENDPOINTS': '/home/zhr/.vscode/extensions/ms-python.debugpy-2025.18.0-linux-x64/.noConfigDebugAdapterEndpoints/endpoint-73b5abc4e2ba580e.txt', 'TERMINATOR_DBUS_PATH': '/net/tenshu/Terminator2', 'LANG': 'zh_CN.UTF-8', 'XDG_CURRENT_DESKTOP': 'ubuntu:GNOME', 'PYTHONSTARTUP': '/home/zhr/.config/Code/User/workspaceStorage/ccc9fa3ab12471dee2ab8e1769a9580a/ms-python.python/pythonrc.py', 'GIO_MODULE_DIR_VSCODE_SNAP_ORIG': '', 'XDG_DATA_HOME': '/home/zhr/snap/code/233/.local/share', 'XMODIFIERS': '@im=ibus', 'XDG_SESSION_DESKTOP': 'ubuntu', 'XAUTHORITY': '/home/zhr/.Xauthority', 'LS_COLORS': 'rs=0:di=01;34:ln=01;36:mh=00:pi=40;33:so=01;35:do=01;35:bd=40;33;01:cd=40;33;01:or=40;31;01:mi=00:su=37;41:sg=30;43:ca=00:tw=30;42:ow=34;42:st=37;44:ex=01;32:*.tar=01;31:*.tgz=01;31:*.arc=01;31:*.arj=01;31:*.taz=01;31:*.lha=01;31:*.lz4=01;31:*.lzh=01;31:*.lzma=01;31:*.tlz=01;31:*.txz=01;31:*.tzo=01;31:*.t7z=01;31:*.zip=01;31:*.z=01;31:*.dz=01;31:*.gz=01;31:*.lrz=01;31:*.lz=01;31:*.lzo=01;31:*.xz=01;31:*.zst=01;31:*.tzst=01;31:*.bz2=01;31:*.bz=01;31:*.tbz=01;31:*.tbz2=01;31:*.tz=01;31:*.deb=01;31:*.rpm=01;31:*.jar=01;31:*.war=01;31:*.ear=01;31:*.sar=01;31:*.rar=01;31:*.alz=01;31:*.ace=01;31:*.zoo=01;31:*.cpio=01;31:*.7z=01;31:*.rz=01;31:*.cab=01;31:*.wim=01;31:*.swm=01;31:*.dwm=01;31:*.esd=01;31:*.avif=01;35:*.jpg=01;35:*.jpeg=01;35:*.mjpg=01;35:*.mjpeg=01;35:*.gif=01;35:*.bmp=01;35:*.pbm=01;35:*.pgm=01;35:*.ppm=01;35:*.tga=01;35:*.xbm=01;35:*.xpm=01;35:*.tif=01;35:*.tiff=01;35:*.png=01;35:*.svg=01;35:*.svgz=01;35:*.mng=01;35:*.pcx=01;35:*.mov=01;35:*.mpg=01;35:*.mpeg=01;35:*.m2v=01;35:*.mkv=01;35:*.webm=01;35:*.webp=01;35:*.ogm=01;35:*.mp4=01;35:*.m4v=01;35:*.mp4v=01;35:*.vob=01;35:*.qt=01;35:*.nuv=01;35:*.wmv=01;35:*.asf=01;35:*.rm=01;35:*.rmvb=01;35:*.flc=01;35:*.avi=01;35:*.fli=01;35:*.flv=01;35:*.gl=01;35:*.dl=01;35:*.xcf=01;35:*.xwd=01;35:*.yuv=01;35:*.cgm=01;35:*.emf=01;35:*.ogv=01;35:*.ogx=01;35:*.aac=00;36:*.au=00;36:*.flac=00;36:*.m4a=00;36:*.mid=00;36:*.midi=00;36:*.mka=00;36:*.mp3=00;36:*.mpc=00;36:*.ogg=00;36:*.ra=00;36:*.wav=00;36:*.oga=00;36:*.opus=00;36:*.spx=00;36:*.xspf=00;36:*~=00;90:*#=00;90:*.bak=00;90:*.crdownload=00;90:*.dpkg-dist=00;90:*.dpkg-new=00;90:*.dpkg-old=00;90:*.dpkg-tmp=00;90:*.old=00;90:*.orig=00;90:*.part=00;90:*.rej=00;90:*.rpmnew=00;90:*.rpmorig=00;90:*.rpmsave=00;90:*.swp=00;90:*.tmp=00;90:*.ucf-dist=00;90:*.ucf-new=00;90:*.ucf-old=00;90:', 'VSCODE_GIT_IPC_HANDLE': '/run/user/1000/vscode-git-9feb23b85d.sock', 'TERM_PROGRAM': 'vscode', 'SSH_AUTH_SOCK': '/run/user/1000/keyring/ssh', 'GSETTINGS_SCHEMA_DIR': '/home/zhr/snap/code/233/.local/share/glib-2.0/schemas', 'XDG_GREETER_DATA_DIR': '/var/lib/lightdm-data/zhr', 'AMENT_PREFIX_PATH': '/home/zhr/YOPO-ROS2/Controller/install/uav_utils:/home/zhr/YOPO-ROS2/Controller/install/quadrotor_msgs:/home/zhr/YOPO-ROS2/Controller/install/cmake_utils:/opt/ros/jazzy', 'CONDA_PYTHON_EXE': '/home/zhr/miniconda3/bin/python', 'SHELL': '/bin/bash', 'TERMINATOR_UUID': 'urn:uuid:185e0225-422e-4f04-bea7-4b1800b12a50', 'QT_ACCESSIBILITY': '1', 'NO_AT_BRIDGE': '1', 'GDMSESSION': 'ubuntu', 'LESSCLOSE': '/usr/bin/lesspipe %s %s', 'GTK_PATH_VSCODE_SNAP_ORIG': '', 'CONDA_DEFAULT_ENV': 'base', 'FONTCONFIG_FILE': '/etc/fonts/fonts.conf', 'GTK_IM_MODULE_FILE_VSCODE_SNAP_ORIG': '', 'GPG_AGENT_INFO': '/run/user/1000/gnupg/S.gpg-agent:0:1', '_CONDA_EXE': '/home/zhr/miniconda3/bin/conda', 'FLIGHTMARE_PATH': '/home/zhr/flightmare', 'ROS_AUTOMATIC_DISCOVERY_RANGE': 'SUBNET', 'VSCODE_GIT_ASKPASS_EXTRA_ARGS': '', 'GIT_PAGER': 'cat', 'QT_IM_MODULE': 'ibus', 'PWD': '/home/zhr/YOPO-ROS2/Controller/build/so3_quadrotor_simulator', 'GIT_MERGE_AUTOEDIT': 'no', 'XDG_CONFIG_DIRS': '/etc/xdg/xdg-ubuntu:/etc/xdg', 'CONDA_EXE': '/home/zhr/miniconda3/bin/conda', 'XDG_DATA_DIRS': '/home/zhr/snap/code/233/.local/share:/home/zhr/snap/code/233:/snap/code/233/usr/share:/usr/share/ubuntu:/usr/share/gnome:/usr/local/share:/usr/share:/var/lib/snapd/desktop', 'PYTHONPATH': '/home/zhr/YOPO-ROS2/Controller/install/quadrotor_msgs/lib/python3.12/site-packages:/opt/ros/jazzy/lib/python3.12/site-packages', 'CONDA_PREFIX': '/home/zhr/miniconda3', 'COLCON': '1', 'MEMORY_PRESSURE_WRITE': 'c29tZSAyMDAwMDAgMjAwMDAwMAA=', 'VTE_VERSION': '7600', 'CMAKE_PREFIX_PATH': '/home/zhr/YOPO-ROS2/Controller/install/uav_utils:/home/zhr/YOPO-ROS2/Controller/install/quadrotor_msgs:/home/zhr/YOPO-ROS2/Controller/install/cmake_utils:/opt/ros/jazzy/opt/gz_math_vendor:/opt/ros/jazzy/opt/gz_utils_vendor:/opt/ros/jazzy/opt/gz_cmake_vendor:/opt/ros/jazzy'}), 'shell': False}
[0.484913] (so3_quadrotor_simulator) StdoutLine: {'line': b'[ 50%] Built target quadrotor_dynamics\n'}
[0.498431] (so3_quadrotor_simulator) StdoutLine: {'line': b'[ 75%] \x1b[32mBuilding CXX object CMakeFiles/quadrotor_simulator_so3.dir/src/quadrotor_simulator_so3.cpp.o\x1b[0m\n'}
[0.500119] (-) TimerEvent: {}
[0.600270] (-) TimerEvent: {}
[0.700467] (-) TimerEvent: {}
[0.800786] (-) TimerEvent: {}
[0.901039] (-) TimerEvent: {}
[1.001279] (-) TimerEvent: {}
[1.101515] (-) TimerEvent: {}
[1.201764] (-) TimerEvent: {}
[1.301963] (-) TimerEvent: {}
[1.402162] (-) TimerEvent: {}
[1.502377] (-) TimerEvent: {}
[1.602572] (-) TimerEvent: {}
[1.702771] (-) TimerEvent: {}
[1.803020] (-) TimerEvent: {}
[1.903263] (-) TimerEvent: {}
[2.003507] (-) TimerEvent: {}
[2.103775] (-) TimerEvent: {}
[2.203998] (-) TimerEvent: {}
[2.304249] (-) TimerEvent: {}
[2.404477] (-) TimerEvent: {}
[2.504688] (-) TimerEvent: {}
[2.604901] (-) TimerEvent: {}
[2.705129] (-) TimerEvent: {}
[2.805341] (-) TimerEvent: {}
[2.905566] (-) TimerEvent: {}
[3.005796] (-) TimerEvent: {}
[3.106020] (-) TimerEvent: {}
[3.206225] (-) TimerEvent: {}
[3.306496] (-) TimerEvent: {}
[3.406698] (-) TimerEvent: {}
[3.506893] (-) TimerEvent: {}
[3.607155] (-) TimerEvent: {}
[3.707392] (-) TimerEvent: {}
[3.807637] (-) TimerEvent: {}
[3.907883] (-) TimerEvent: {}
[4.008122] (-) TimerEvent: {}
[4.108371] (-) TimerEvent: {}
[4.208695] (-) TimerEvent: {}
[4.308924] (-) TimerEvent: {}
[4.409154] (-) TimerEvent: {}
[4.509435] (-) TimerEvent: {}
[4.609679] (-) TimerEvent: {}
[4.709921] (-) TimerEvent: {}
[4.810213] (-) TimerEvent: {}
[4.910453] (-) TimerEvent: {}
[5.010677] (-) TimerEvent: {}
[5.110908] (-) TimerEvent: {}
[5.211142] (-) TimerEvent: {}
[5.311381] (-) TimerEvent: {}
[5.411644] (-) TimerEvent: {}
[5.511894] (-) TimerEvent: {}
[5.612124] (-) TimerEvent: {}
[5.712354] (-) TimerEvent: {}
[5.812575] (-) TimerEvent: {}
[5.912818] (-) TimerEvent: {}
[6.013042] (-) TimerEvent: {}
[6.113256] (-) TimerEvent: {}
[6.213429] (-) TimerEvent: {}
[6.313651] (-) TimerEvent: {}
[6.413896] (-) TimerEvent: {}
[6.514110] (-) TimerEvent: {}
[6.614311] (-) TimerEvent: {}
[6.714545] (-) TimerEvent: {}
[6.814779] (-) TimerEvent: {}
[6.915130] (-) TimerEvent: {}
[7.015340] (-) TimerEvent: {}
[7.115558] (-) TimerEvent: {}
[7.215787] (-) TimerEvent: {}
[7.316017] (-) TimerEvent: {}
[7.416233] (-) TimerEvent: {}
[7.516462] (-) TimerEvent: {}
[7.616670] (-) TimerEvent: {}
[7.716874] (-) TimerEvent: {}
[7.817097] (-) TimerEvent: {}
[7.917325] (-) TimerEvent: {}
[8.017542] (-) TimerEvent: {}
[8.117751] (-) TimerEvent: {}
[8.217979] (-) TimerEvent: {}
[8.318192] (-) TimerEvent: {}
[8.418420] (-) TimerEvent: {}
[8.518667] (-) TimerEvent: {}
[8.618893] (-) TimerEvent: {}
[8.719116] (-) TimerEvent: {}
[8.819350] (-) TimerEvent: {}
[8.919560] (-) TimerEvent: {}
[9.019793] (-) TimerEvent: {}
[9.120047] (-) TimerEvent: {}
[9.220257] (-) TimerEvent: {}
[9.320489] (-) TimerEvent: {}
[9.420741] (-) TimerEvent: {}
[9.520964] (-) TimerEvent: {}
[9.621194] (-) TimerEvent: {}
[9.721418] (-) TimerEvent: {}
[9.821640] (-) TimerEvent: {}
[9.921883] (-) TimerEvent: {}
[10.022206] (-) TimerEvent: {}
[10.122438] (-) TimerEvent: {}
[10.222610] (-) TimerEvent: {}
[10.322835] (-) TimerEvent: {}
[10.423046] (-) TimerEvent: {}
[10.523241] (-) TimerEvent: {}
[10.623496] (-) TimerEvent: {}
[10.723725] (-) TimerEvent: {}
[10.823927] (-) TimerEvent: {}
[10.924178] (-) TimerEvent: {}
[11.024393] (-) TimerEvent: {}
[11.124613] (-) TimerEvent: {}
[11.224856] (-) TimerEvent: {}
[11.325061] (-) TimerEvent: {}
[11.425243] (-) TimerEvent: {}
[11.525489] (-) TimerEvent: {}
[11.625710] (-) TimerEvent: {}
[11.725919] (-) TimerEvent: {}
[11.826167] (-) TimerEvent: {}
[11.926364] (-) TimerEvent: {}
[12.026572] (-) TimerEvent: {}
[12.126822] (-) TimerEvent: {}
[12.227063] (-) TimerEvent: {}
[12.327282] (-) TimerEvent: {}
[12.427523] (-) TimerEvent: {}
[12.527762] (-) TimerEvent: {}
[12.628023] (-) TimerEvent: {}
[12.728291] (-) TimerEvent: {}
[12.828467] (-) TimerEvent: {}
[12.928700] (-) TimerEvent: {}
[13.028947] (-) TimerEvent: {}
[13.129135] (-) TimerEvent: {}
[13.229316] (-) TimerEvent: {}
[13.329627] (-) TimerEvent: {}
[13.429841] (-) TimerEvent: {}
[13.530051] (-) TimerEvent: {}
[13.630311] (-) TimerEvent: {}
[13.730567] (-) TimerEvent: {}
[13.830772] (-) TimerEvent: {}
[13.930997] (-) TimerEvent: {}
[14.031232] (-) TimerEvent: {}
[14.131429] (-) TimerEvent: {}
[14.231665] (-) TimerEvent: {}
[14.331933] (-) TimerEvent: {}
[14.432151] (-) TimerEvent: {}
[14.532344] (-) TimerEvent: {}
[14.632585] (-) TimerEvent: {}
[14.732806] (-) TimerEvent: {}
[14.770536] (so3_quadrotor_simulator) StdoutLine: {'line': b'[100%] \x1b[32m\x1b[1mLinking CXX executable quadrotor_simulator_so3\x1b[0m\n'}
[14.832915] (-) TimerEvent: {}
[14.933168] (-) TimerEvent: {}
[15.007762] (so3_quadrotor_simulator) StdoutLine: {'line': b'[100%] Built target quadrotor_simulator_so3\n'}
[15.012471] (so3_quadrotor_simulator) CommandEnded: {'returncode': 0}
[15.012870] (so3_quadrotor_simulator) JobProgress: {'identifier': 'so3_quadrotor_simulator', 'progress': 'install'}
[15.016110] (so3_quadrotor_simulator) Command: {'cmd': ['/usr/bin/cmake', '--install', '/home/zhr/YOPO-ROS2/Controller/build/so3_quadrotor_simulator'], 'cwd': '/home/zhr/YOPO-ROS2/Controller/build/so3_quadrotor_simulator', 'env': OrderedDict({'PYTHON_BASIC_REPL': '1', 'LESSOPEN': '| /usr/bin/lesspipe %s', 'CONDA_PROMPT_MODIFIER': '(base)', 'LANGUAGE': 'zh_CN', 'USER': 'zhr', 'FONTCONFIG_PATH': '/etc/fonts', 'GIT_EDITOR': ':', 'GIO_MODULE_DIR': '/home/zhr/snap/code/common/.cache/gio-modules', 'XDG_SESSION_TYPE': 'x11', 'GIT_ASKPASS': '/snap/code/233/usr/share/code/resources/app/extensions/git/dist/askpass.sh', 'GTK_EXE_PREFIX_VSCODE_SNAP_ORIG': '', 'GDK_BACKEND_VSCODE_SNAP_ORIG': '', 'SHLVL': '2', 'LD_LIBRARY_PATH': '/home/zhr/YOPO-ROS2/Controller/install/quadrotor_msgs/lib:/opt/ros/jazzy/opt/rviz_ogre_vendor/lib:/opt/ros/jazzy/lib/x86_64-linux-gnu:/opt/ros/jazzy/opt/gz_math_vendor/lib:/opt/ros/jazzy/opt/gz_utils_vendor/lib:/opt/ros/jazzy/opt/gz_cmake_vendor/lib:/opt/ros/jazzy/lib', 'HOME': '/home/zhr', 'CHROME_DESKTOP': 'code.desktop', 'CONDA_SHLVL': '1', 'LOCPATH_VSCODE_SNAP_ORIG': '', 'OLDPWD': '/home/zhr/YOPO-ROS2', 'TERM_PROGRAM_VERSION': '1.115.0', 'DESKTOP_SESSION': 'ubuntu', 'GTK_PATH': '/snap/code/233/usr/lib/x86_64-linux-gnu/gtk-3.0', 'XDG_DATA_HOME_VSCODE_SNAP_ORIG': '', 'GTK_IM_MODULE_FILE': '/home/zhr/snap/code/common/.cache/immodules/immodules.cache', 'ROS_PYTHON_VERSION': '3', 'GNOME_SHELL_SESSION_MODE': 'ubuntu', 'GTK_MODULES': 'gail:atk-bridge', 'XDG_SEAT_PATH': '/org/freedesktop/DisplayManager/Seat0', 'GSETTINGS_SCHEMA_DIR_VSCODE_SNAP_ORIG': '', 'VSCODE_GIT_ASKPASS_MAIN': '/snap/code/233/usr/share/code/resources/app/extensions/git/dist/askpass-main.js', 'VSCODE_GIT_ASKPASS_NODE': '/snap/code/233/usr/share/code/code', 'MANAGERPID': '2269', 'PYDEVD_DISABLE_FILE_VALIDATION': '1', 'SYSTEMD_EXEC_PID': '2664', 'BUNDLED_DEBUGPY_PATH': '/home/zhr/.vscode/extensions/ms-python.debugpy-2025.18.0-linux-x64/bundled/libs/debugpy', 'VSCODE_PYTHON_AUTOACTIVATE_GUARD': '1', 'GSM_SKIP_SSH_AGENT_WORKAROUND': 'true', 'DBUS_SESSION_BUS_ADDRESS': 'unix:path=/run/user/1000/bus', 'COLORTERM': 'truecolor', '_CE_M': '', 'TERMINATOR_DBUS_NAME': 'net.tenshu.Terminator21a9d5db22c73a993ff0b42f64b396873', '_CONDA_ROOT': '/home/zhr/miniconda3', 'GIO_LAUNCHED_DESKTOP_FILE_PID': '3577', 'GNOME_KEYRING_CONTROL': '/run/user/1000/keyring', 'DEBUGINFOD_URLS': 'https://debuginfod.ubuntu.com', 'MANDATORY_PATH': '/usr/share/gconf/ubuntu.mandatory.path', 'ROS_DISTRO': 'jazzy', 'LOGNAME': 'zhr', 'JOURNAL_STREAM': '9:20044', '_': '/usr/bin/colcon', 'ROS_VERSION': '2', 'XDG_CONFIG_DIRS_VSCODE_SNAP_ORIG': '/etc/xdg/xdg-ubuntu:/etc/xdg', 'MEMORY_PRESSURE_WATCH': '/sys/fs/cgroup/user.slice/user-1000.slice/user@1000.service/session.slice/org.gnome.SettingsDaemon.MediaKeys.service/memory.pressure', 'XDG_SESSION_CLASS': 'user', 'DEFAULTS_PATH': '/usr/share/gconf/ubuntu.default.path', 'XDG_DATA_DIRS_VSCODE_SNAP_ORIG': '/usr/share/ubuntu:/usr/share/gnome:/usr/local/share:/usr/share:/var/lib/snapd/desktop', 'TERM': 'xterm-256color', 'GNOME_DESKTOP_SESSION_ID': 'this-is-deprecated', '_CE_CONDA': '', 'FC_FONTATIONS': '1', 'HISTCONTROL': 'ignorespace', 'PATH': '/home/zhr/.config/Code/User/globalStorage/github.copilot-chat/debugCommand:/home/zhr/.config/Code/User/globalStorage/github.copilot-chat/copilotCli:/home/zhr/miniconda3/bin:/home/zhr/miniconda3/condabin:/opt/ros/jazzy/bin:/usr/local/sbin:/usr/local/bin:/usr/sbin:/usr/bin:/sbin:/bin:/usr/games:/usr/local/games:/snap/bin:/home/zhr/.vscode/extensions/ms-python.debugpy-2025.18.0-linux-x64/bundled/scripts/noConfigScripts', 'SESSION_MANAGER': 'local/zhr-lab-PC:@/tmp/.ICE-unix/2511,unix/zhr-lab-PC:/tmp/.ICE-unix/2511', 'GTK_EXE_PREFIX': '/snap/code/233/usr', 'GDM_LANG': 'zh_CN', 'INVOCATION_ID': '2af8aa3a4b0e4746b5a8b6ed91be4186', 'XDG_SESSION_PATH': '/org/freedesktop/DisplayManager/Session0', 'XDG_MENU_PREFIX': 'gnome-', 'XDG_RUNTIME_DIR': '/run/user/1000', 'GDK_BACKEND': 'x11', 'DISPLAY': ':0', 'LOCPATH': '/snap/code/233/usr/lib/locale', 'VSCODE_DEBUGPY_ADAPTER_ENDPOINTS': '/home/zhr/.vscode/extensions/ms-python.debugpy-2025.18.0-linux-x64/.noConfigDebugAdapterEndpoints/endpoint-73b5abc4e2ba580e.txt', 'TERMINATOR_DBUS_PATH': '/net/tenshu/Terminator2', 'LANG': 'zh_CN.UTF-8', 'XDG_CURRENT_DESKTOP': 'ubuntu:GNOME', 'PYTHONSTARTUP': '/home/zhr/.config/Code/User/workspaceStorage/ccc9fa3ab12471dee2ab8e1769a9580a/ms-python.python/pythonrc.py', 'GIO_MODULE_DIR_VSCODE_SNAP_ORIG': '', 'XDG_DATA_HOME': '/home/zhr/snap/code/233/.local/share', 'XMODIFIERS': '@im=ibus', 'XDG_SESSION_DESKTOP': 'ubuntu', 'XAUTHORITY': '/home/zhr/.Xauthority', 'LS_COLORS': 'rs=0:di=01;34:ln=01;36:mh=00:pi=40;33:so=01;35:do=01;35:bd=40;33;01:cd=40;33;01:or=40;31;01:mi=00:su=37;41:sg=30;43:ca=00:tw=30;42:ow=34;42:st=37;44:ex=01;32:*.tar=01;31:*.tgz=01;31:*.arc=01;31:*.arj=01;31:*.taz=01;31:*.lha=01;31:*.lz4=01;31:*.lzh=01;31:*.lzma=01;31:*.tlz=01;31:*.txz=01;31:*.tzo=01;31:*.t7z=01;31:*.zip=01;31:*.z=01;31:*.dz=01;31:*.gz=01;31:*.lrz=01;31:*.lz=01;31:*.lzo=01;31:*.xz=01;31:*.zst=01;31:*.tzst=01;31:*.bz2=01;31:*.bz=01;31:*.tbz=01;31:*.tbz2=01;31:*.tz=01;31:*.deb=01;31:*.rpm=01;31:*.jar=01;31:*.war=01;31:*.ear=01;31:*.sar=01;31:*.rar=01;31:*.alz=01;31:*.ace=01;31:*.zoo=01;31:*.cpio=01;31:*.7z=01;31:*.rz=01;31:*.cab=01;31:*.wim=01;31:*.swm=01;31:*.dwm=01;31:*.esd=01;31:*.avif=01;35:*.jpg=01;35:*.jpeg=01;35:*.mjpg=01;35:*.mjpeg=01;35:*.gif=01;35:*.bmp=01;35:*.pbm=01;35:*.pgm=01;35:*.ppm=01;35:*.tga=01;35:*.xbm=01;35:*.xpm=01;35:*.tif=01;35:*.tiff=01;35:*.png=01;35:*.svg=01;35:*.svgz=01;35:*.mng=01;35:*.pcx=01;35:*.mov=01;35:*.mpg=01;35:*.mpeg=01;35:*.m2v=01;35:*.mkv=01;35:*.webm=01;35:*.webp=01;35:*.ogm=01;35:*.mp4=01;35:*.m4v=01;35:*.mp4v=01;35:*.vob=01;35:*.qt=01;35:*.nuv=01;35:*.wmv=01;35:*.asf=01;35:*.rm=01;35:*.rmvb=01;35:*.flc=01;35:*.avi=01;35:*.fli=01;35:*.flv=01;35:*.gl=01;35:*.dl=01;35:*.xcf=01;35:*.xwd=01;35:*.yuv=01;35:*.cgm=01;35:*.emf=01;35:*.ogv=01;35:*.ogx=01;35:*.aac=00;36:*.au=00;36:*.flac=00;36:*.m4a=00;36:*.mid=00;36:*.midi=00;36:*.mka=00;36:*.mp3=00;36:*.mpc=00;36:*.ogg=00;36:*.ra=00;36:*.wav=00;36:*.oga=00;36:*.opus=00;36:*.spx=00;36:*.xspf=00;36:*~=00;90:*#=00;90:*.bak=00;90:*.crdownload=00;90:*.dpkg-dist=00;90:*.dpkg-new=00;90:*.dpkg-old=00;90:*.dpkg-tmp=00;90:*.old=00;90:*.orig=00;90:*.part=00;90:*.rej=00;90:*.rpmnew=00;90:*.rpmorig=00;90:*.rpmsave=00;90:*.swp=00;90:*.tmp=00;90:*.ucf-dist=00;90:*.ucf-new=00;90:*.ucf-old=00;90:', 'VSCODE_GIT_IPC_HANDLE': '/run/user/1000/vscode-git-9feb23b85d.sock', 'TERM_PROGRAM': 'vscode', 'SSH_AUTH_SOCK': '/run/user/1000/keyring/ssh', 'GSETTINGS_SCHEMA_DIR': '/home/zhr/snap/code/233/.local/share/glib-2.0/schemas', 'XDG_GREETER_DATA_DIR': '/var/lib/lightdm-data/zhr', 'AMENT_PREFIX_PATH': '/home/zhr/YOPO-ROS2/Controller/install/uav_utils:/home/zhr/YOPO-ROS2/Controller/install/quadrotor_msgs:/home/zhr/YOPO-ROS2/Controller/install/cmake_utils:/opt/ros/jazzy', 'CONDA_PYTHON_EXE': '/home/zhr/miniconda3/bin/python', 'SHELL': '/bin/bash', 'TERMINATOR_UUID': 'urn:uuid:185e0225-422e-4f04-bea7-4b1800b12a50', 'QT_ACCESSIBILITY': '1', 'NO_AT_BRIDGE': '1', 'GDMSESSION': 'ubuntu', 'LESSCLOSE': '/usr/bin/lesspipe %s %s', 'GTK_PATH_VSCODE_SNAP_ORIG': '', 'CONDA_DEFAULT_ENV': 'base', 'FONTCONFIG_FILE': '/etc/fonts/fonts.conf', 'GTK_IM_MODULE_FILE_VSCODE_SNAP_ORIG': '', 'GPG_AGENT_INFO': '/run/user/1000/gnupg/S.gpg-agent:0:1', '_CONDA_EXE': '/home/zhr/miniconda3/bin/conda', 'FLIGHTMARE_PATH': '/home/zhr/flightmare', 'ROS_AUTOMATIC_DISCOVERY_RANGE': 'SUBNET', 'VSCODE_GIT_ASKPASS_EXTRA_ARGS': '', 'GIT_PAGER': 'cat', 'QT_IM_MODULE': 'ibus', 'PWD': '/home/zhr/YOPO-ROS2/Controller/build/so3_quadrotor_simulator', 'GIT_MERGE_AUTOEDIT': 'no', 'XDG_CONFIG_DIRS': '/etc/xdg/xdg-ubuntu:/etc/xdg', 'CONDA_EXE': '/home/zhr/miniconda3/bin/conda', 'XDG_DATA_DIRS': '/home/zhr/snap/code/233/.local/share:/home/zhr/snap/code/233:/snap/code/233/usr/share:/usr/share/ubuntu:/usr/share/gnome:/usr/local/share:/usr/share:/var/lib/snapd/desktop', 'PYTHONPATH': '/home/zhr/YOPO-ROS2/Controller/install/quadrotor_msgs/lib/python3.12/site-packages:/opt/ros/jazzy/lib/python3.12/site-packages', 'CONDA_PREFIX': '/home/zhr/miniconda3', 'COLCON': '1', 'MEMORY_PRESSURE_WRITE': 'c29tZSAyMDAwMDAgMjAwMDAwMAA=', 'VTE_VERSION': '7600', 'CMAKE_PREFIX_PATH': '/home/zhr/YOPO-ROS2/Controller/install/uav_utils:/home/zhr/YOPO-ROS2/Controller/install/quadrotor_msgs:/home/zhr/YOPO-ROS2/Controller/install/cmake_utils:/opt/ros/jazzy/opt/gz_math_vendor:/opt/ros/jazzy/opt/gz_utils_vendor:/opt/ros/jazzy/opt/gz_cmake_vendor:/opt/ros/jazzy'}), 'shell': False}
[15.018794] (so3_quadrotor_simulator) StdoutLine: {'line': b'-- Install configuration: "Release"\n'}
[15.019041] (so3_quadrotor_simulator) StdoutLine: {'line': b'-- Execute custom install script\n'}
[15.019171] (so3_quadrotor_simulator) StdoutLine: {'line': b'-- Up-to-date symlink: /home/zhr/YOPO-ROS2/Controller/install/so3_quadrotor_simulator/lib/so3_quadrotor_simulator/quadrotor_simulator_so3\n'}
[15.019225] (so3_quadrotor_simulator) StdoutLine: {'line': b'-- Up-to-date symlink: /home/zhr/YOPO-ROS2/Controller/install/so3_quadrotor_simulator/lib/so3_quadrotor_simulator/libquadrotor_dynamics.a\n'}
[15.021151] (so3_quadrotor_simulator) StdoutLine: {'line': b'-- Up-to-date symlink: /home/zhr/YOPO-ROS2/Controller/install/so3_quadrotor_simulator/include/ode/CHANGELOG\n'}
[15.021187] (so3_quadrotor_simulator) StdoutLine: {'line': b'-- Up-to-date symlink: /home/zhr/YOPO-ROS2/Controller/install/so3_quadrotor_simulator/include/ode/Jamroot\n'}
[15.021220] (so3_quadrotor_simulator) StdoutLine: {'line': b'-- Up-to-date symlink: /home/zhr/YOPO-ROS2/Controller/install/so3_quadrotor_simulator/include/ode/README\n'}
[15.021256] (so3_quadrotor_simulator) StdoutLine: {'line': b'-- Up-to-date symlink: /home/zhr/YOPO-ROS2/Controller/install/so3_quadrotor_simulator/include/ode/boost/numeric/odeint.hpp\n'}
[15.021295] (so3_quadrotor_simulator) StdoutLine: {'line': b'-- Up-to-date symlink: /home/zhr/YOPO-ROS2/Controller/install/so3_quadrotor_simulator/include/ode/boost/numeric/odeint/algebra/array_algebra.hpp\n'}
[15.021331] (so3_quadrotor_simulator) StdoutLine: {'line': b'-- Up-to-date symlink: /home/zhr/YOPO-ROS2/Controller/install/so3_quadrotor_simulator/include/ode/boost/numeric/odeint/algebra/default_operations.hpp\n'}
[15.021369] (so3_quadrotor_simulator) StdoutLine: {'line': b'-- Up-to-date symlink: /home/zhr/YOPO-ROS2/Controller/install/so3_quadrotor_simulator/include/ode/boost/numeric/odeint/algebra/detail/for_each.hpp\n'}
[15.021405] (so3_quadrotor_simulator) StdoutLine: {'line': b'-- Up-to-date symlink: /home/zhr/YOPO-ROS2/Controller/install/so3_quadrotor_simulator/include/ode/boost/numeric/odeint/algebra/detail/macros.hpp\n'}
[15.021449] (so3_quadrotor_simulator) StdoutLine: {'line': b'-- Up-to-date symlink: /home/zhr/YOPO-ROS2/Controller/install/so3_quadrotor_simulator/include/ode/boost/numeric/odeint/algebra/detail/reduce.hpp\n'}
[15.021484] (so3_quadrotor_simulator) StdoutLine: {'line': b'-- Up-to-date symlink: /home/zhr/YOPO-ROS2/Controller/install/so3_quadrotor_simulator/include/ode/boost/numeric/odeint/algebra/fusion_algebra.hpp\n'}
[15.021517] (so3_quadrotor_simulator) StdoutLine: {'line': b'-- Up-to-date symlink: /home/zhr/YOPO-ROS2/Controller/install/so3_quadrotor_simulator/include/ode/boost/numeric/odeint/algebra/range_algebra.hpp\n'}
[15.021553] (so3_quadrotor_simulator) StdoutLine: {'line': b'-- Up-to-date symlink: /home/zhr/YOPO-ROS2/Controller/install/so3_quadrotor_simulator/include/ode/boost/numeric/odeint/algebra/vector_space_algebra.hpp\n'}
[15.021590] (so3_quadrotor_simulator) StdoutLine: {'line': b'-- Up-to-date symlink: /home/zhr/YOPO-ROS2/Controller/install/so3_quadrotor_simulator/include/ode/boost/numeric/odeint/config.hpp\n'}
[15.021630] (so3_quadrotor_simulator) StdoutLine: {'line': b'-- Up-to-date symlink: /home/zhr/YOPO-ROS2/Controller/install/so3_quadrotor_simulator/include/ode/boost/numeric/odeint/external/gsl/gsl_wrapper.hpp\n'}
[15.021668] (so3_quadrotor_simulator) StdoutLine: {'line': b'-- Up-to-date symlink: /home/zhr/YOPO-ROS2/Controller/install/so3_quadrotor_simulator/include/ode/boost/numeric/odeint/external/mkl/mkl_operations.hpp\n'}
[15.021704] (so3_quadrotor_simulator) StdoutLine: {'line': b'-- Up-to-date symlink: /home/zhr/YOPO-ROS2/Controller/install/so3_quadrotor_simulator/include/ode/boost/numeric/odeint/external/mtl4/implicit_euler_mtl4.hpp\n'}
[15.021743] (so3_quadrotor_simulator) StdoutLine: {'line': b'-- Up-to-date symlink: /home/zhr/YOPO-ROS2/Controller/install/so3_quadrotor_simulator/include/ode/boost/numeric/odeint/external/mtl4/mtl4_resize.hpp\n'}
[15.021781] (so3_quadrotor_simulator) StdoutLine: {'line': b'-- Up-to-date symlink: /home/zhr/YOPO-ROS2/Controller/install/so3_quadrotor_simulator/include/ode/boost/numeric/odeint/external/thrust/thrust_algebra.hpp\n'}
[15.021819] (so3_quadrotor_simulator) StdoutLine: {'line': b'-- Up-to-date symlink: /home/zhr/YOPO-ROS2/Controller/install/so3_quadrotor_simulator/include/ode/boost/numeric/odeint/external/thrust/thrust_operations.hpp\n'}
[15.021856] (so3_quadrotor_simulator) StdoutLine: {'line': b'-- Up-to-date symlink: /home/zhr/YOPO-ROS2/Controller/install/so3_quadrotor_simulator/include/ode/boost/numeric/odeint/external/thrust/thrust_resize.hpp\n'}
[15.021893] (so3_quadrotor_simulator) StdoutLine: {'line': b'-- Up-to-date symlink: /home/zhr/YOPO-ROS2/Controller/install/so3_quadrotor_simulator/include/ode/boost/numeric/odeint/external/vexcl/vexcl_resize.hpp\n'}
[15.021932] (so3_quadrotor_simulator) StdoutLine: {'line': b'-- Up-to-date symlink: /home/zhr/YOPO-ROS2/Controller/install/so3_quadrotor_simulator/include/ode/boost/numeric/odeint/external/viennacl/viennacl_operations.hpp\n'}
[15.021971] (so3_quadrotor_simulator) StdoutLine: {'line': b'-- Up-to-date symlink: /home/zhr/YOPO-ROS2/Controller/install/so3_quadrotor_simulator/include/ode/boost/numeric/odeint/external/viennacl/viennacl_resize.hpp\n'}
[15.022010] (so3_quadrotor_simulator) StdoutLine: {'line': b'-- Up-to-date symlink: /home/zhr/YOPO-ROS2/Controller/install/so3_quadrotor_simulator/include/ode/boost/numeric/odeint/integrate/detail/integrate_adaptive.hpp\n'}
[15.022047] (so3_quadrotor_simulator) StdoutLine: {'line': b'-- Up-to-date symlink: /home/zhr/YOPO-ROS2/Controller/install/so3_quadrotor_simulator/include/ode/boost/numeric/odeint/integrate/detail/integrate_const.hpp\n'}
[15.022084] (so3_quadrotor_simulator) StdoutLine: {'line': b'-- Up-to-date symlink: /home/zhr/YOPO-ROS2/Controller/install/so3_quadrotor_simulator/include/ode/boost/numeric/odeint/integrate/detail/integrate_n_steps.hpp\n'}
[15.022121] (so3_quadrotor_simulator) StdoutLine: {'line': b'-- Up-to-date symlink: /home/zhr/YOPO-ROS2/Controller/install/so3_quadrotor_simulator/include/ode/boost/numeric/odeint/integrate/detail/integrate_times.hpp\n'}
[15.022159] (so3_quadrotor_simulator) StdoutLine: {'line': b'-- Up-to-date symlink: /home/zhr/YOPO-ROS2/Controller/install/so3_quadrotor_simulator/include/ode/boost/numeric/odeint/integrate/integrate.hpp\n'}
[15.022196] (so3_quadrotor_simulator) StdoutLine: {'line': b'-- Up-to-date symlink: /home/zhr/YOPO-ROS2/Controller/install/so3_quadrotor_simulator/include/ode/boost/numeric/odeint/integrate/integrate_adaptive.hpp\n'}
[15.022233] (so3_quadrotor_simulator) StdoutLine: {'line': b'-- Up-to-date symlink: /home/zhr/YOPO-ROS2/Controller/install/so3_quadrotor_simulator/include/ode/boost/numeric/odeint/integrate/integrate_const.hpp\n'}
[15.022270] (so3_quadrotor_simulator) StdoutLine: {'line': b'-- Up-to-date symlink: /home/zhr/YOPO-ROS2/Controller/install/so3_quadrotor_simulator/include/ode/boost/numeric/odeint/integrate/integrate_n_steps.hpp\n'}
[15.022308] (so3_quadrotor_simulator) StdoutLine: {'line': b'-- Up-to-date symlink: /home/zhr/YOPO-ROS2/Controller/install/so3_quadrotor_simulator/include/ode/boost/numeric/odeint/integrate/integrate_times.hpp\n'}
[15.022345] (so3_quadrotor_simulator) StdoutLine: {'line': b'-- Up-to-date symlink: /home/zhr/YOPO-ROS2/Controller/install/so3_quadrotor_simulator/include/ode/boost/numeric/odeint/integrate/null_observer.hpp\n'}
[15.022384] (so3_quadrotor_simulator) StdoutLine: {'line': b'-- Up-to-date symlink: /home/zhr/YOPO-ROS2/Controller/install/so3_quadrotor_simulator/include/ode/boost/numeric/odeint/integrate/observer_collection.hpp\n'}
[15.022421] (so3_quadrotor_simulator) StdoutLine: {'line': b'-- Up-to-date symlink: /home/zhr/YOPO-ROS2/Controller/install/so3_quadrotor_simulator/include/ode/boost/numeric/odeint/stepper/adams_bashforth.hpp\n'}
[15.022462] (so3_quadrotor_simulator) StdoutLine: {'line': b'-- Up-to-date symlink: /home/zhr/YOPO-ROS2/Controller/install/so3_quadrotor_simulator/include/ode/boost/numeric/odeint/stepper/adams_bashforth_moulton.hpp\n'}
[15.022496] (so3_quadrotor_simulator) StdoutLine: {'line': b'-- Up-to-date symlink: /home/zhr/YOPO-ROS2/Controller/install/so3_quadrotor_simulator/include/ode/boost/numeric/odeint/stepper/adams_moulton.hpp\n'}
[15.022534] (so3_quadrotor_simulator) StdoutLine: {'line': b'-- Up-to-date symlink: /home/zhr/YOPO-ROS2/Controller/install/so3_quadrotor_simulator/include/ode/boost/numeric/odeint/stepper/base/algebra_stepper_base.hpp\n'}
[15.022572] (so3_quadrotor_simulator) StdoutLine: {'line': b'-- Up-to-date symlink: /home/zhr/YOPO-ROS2/Controller/install/so3_quadrotor_simulator/include/ode/boost/numeric/odeint/stepper/base/explicit_error_stepper_base.hpp\n'}
[15.022610] (so3_quadrotor_simulator) StdoutLine: {'line': b'-- Up-to-date symlink: /home/zhr/YOPO-ROS2/Controller/install/so3_quadrotor_simulator/include/ode/boost/numeric/odeint/stepper/base/explicit_error_stepper_fsal_base.hpp\n'}
[15.022649] (so3_quadrotor_simulator) StdoutLine: {'line': b'-- Up-to-date symlink: /home/zhr/YOPO-ROS2/Controller/install/so3_quadrotor_simulator/include/ode/boost/numeric/odeint/stepper/base/explicit_stepper_base.hpp\n'}
[15.022687] (so3_quadrotor_simulator) StdoutLine: {'line': b'-- Up-to-date symlink: /home/zhr/YOPO-ROS2/Controller/install/so3_quadrotor_simulator/include/ode/boost/numeric/odeint/stepper/base/symplectic_rkn_stepper_base.hpp\n'}
[15.022725] (so3_quadrotor_simulator) StdoutLine: {'line': b'-- Up-to-date symlink: /home/zhr/YOPO-ROS2/Controller/install/so3_quadrotor_simulator/include/ode/boost/numeric/odeint/stepper/bulirsch_stoer.hpp\n'}
[15.022761] (so3_quadrotor_simulator) StdoutLine: {'line': b'-- Up-to-date symlink: /home/zhr/YOPO-ROS2/Controller/install/so3_quadrotor_simulator/include/ode/boost/numeric/odeint/stepper/bulirsch_stoer_dense_out.hpp\n'}
[15.022798] (so3_quadrotor_simulator) StdoutLine: {'line': b'-- Up-to-date symlink: /home/zhr/YOPO-ROS2/Controller/install/so3_quadrotor_simulator/include/ode/boost/numeric/odeint/stepper/controlled_runge_kutta.hpp\n'}
[15.022834] (so3_quadrotor_simulator) StdoutLine: {'line': b'-- Up-to-date symlink: /home/zhr/YOPO-ROS2/Controller/install/so3_quadrotor_simulator/include/ode/boost/numeric/odeint/stepper/controlled_step_result.hpp\n'}
[15.022870] (so3_quadrotor_simulator) StdoutLine: {'line': b'-- Up-to-date symlink: /home/zhr/YOPO-ROS2/Controller/install/so3_quadrotor_simulator/include/ode/boost/numeric/odeint/stepper/dense_output_runge_kutta.hpp\n'}
[15.022908] (so3_quadrotor_simulator) StdoutLine: {'line': b'-- Up-to-date symlink: /home/zhr/YOPO-ROS2/Controller/install/so3_quadrotor_simulator/include/ode/boost/numeric/odeint/stepper/detail/adams_bashforth_call_algebra.hpp\n'}
[15.022945] (so3_quadrotor_simulator) StdoutLine: {'line': b'-- Up-to-date symlink: /home/zhr/YOPO-ROS2/Controller/install/so3_quadrotor_simulator/include/ode/boost/numeric/odeint/stepper/detail/adams_bashforth_coefficients.hpp\n'}
[15.022982] (so3_quadrotor_simulator) StdoutLine: {'line': b'-- Up-to-date symlink: /home/zhr/YOPO-ROS2/Controller/install/so3_quadrotor_simulator/include/ode/boost/numeric/odeint/stepper/detail/adams_moulton_call_algebra.hpp\n'}
[15.023020] (so3_quadrotor_simulator) StdoutLine: {'line': b'-- Up-to-date symlink: /home/zhr/YOPO-ROS2/Controller/install/so3_quadrotor_simulator/include/ode/boost/numeric/odeint/stepper/detail/adams_moulton_coefficients.hpp\n'}
[15.023059] (so3_quadrotor_simulator) StdoutLine: {'line': b'-- Up-to-date symlink: /home/zhr/YOPO-ROS2/Controller/install/so3_quadrotor_simulator/include/ode/boost/numeric/odeint/stepper/detail/generic_rk_algorithm.hpp\n'}
[15.023096] (so3_quadrotor_simulator) StdoutLine: {'line': b'-- Up-to-date symlink: /home/zhr/YOPO-ROS2/Controller/install/so3_quadrotor_simulator/include/ode/boost/numeric/odeint/stepper/detail/generic_rk_call_algebra.hpp\n'}
[15.023134] (so3_quadrotor_simulator) StdoutLine: {'line': b'-- Up-to-date symlink: /home/zhr/YOPO-ROS2/Controller/install/so3_quadrotor_simulator/include/ode/boost/numeric/odeint/stepper/detail/generic_rk_operations.hpp\n'}
[15.023172] (so3_quadrotor_simulator) StdoutLine: {'line': b'-- Up-to-date symlink: /home/zhr/YOPO-ROS2/Controller/install/so3_quadrotor_simulator/include/ode/boost/numeric/odeint/stepper/detail/rotating_buffer.hpp\n'}
[15.023209] (so3_quadrotor_simulator) StdoutLine: {'line': b'-- Up-to-date symlink: /home/zhr/YOPO-ROS2/Controller/install/so3_quadrotor_simulator/include/ode/boost/numeric/odeint/stepper/euler.hpp\n'}
[15.023246] (so3_quadrotor_simulator) StdoutLine: {'line': b'-- Up-to-date symlink: /home/zhr/YOPO-ROS2/Controller/install/so3_quadrotor_simulator/include/ode/boost/numeric/odeint/stepper/explicit_error_generic_rk.hpp\n'}
[15.023282] (so3_quadrotor_simulator) StdoutLine: {'line': b'-- Up-to-date symlink: /home/zhr/YOPO-ROS2/Controller/install/so3_quadrotor_simulator/include/ode/boost/numeric/odeint/stepper/explicit_generic_rk.hpp\n'}
[15.023318] (so3_quadrotor_simulator) StdoutLine: {'line': b'-- Up-to-date symlink: /home/zhr/YOPO-ROS2/Controller/install/so3_quadrotor_simulator/include/ode/boost/numeric/odeint/stepper/generation.hpp\n'}
[15.023357] (so3_quadrotor_simulator) StdoutLine: {'line': b'-- Up-to-date symlink: /home/zhr/YOPO-ROS2/Controller/install/so3_quadrotor_simulator/include/ode/boost/numeric/odeint/stepper/generation/generation_controlled_runge_kutta.hpp\n'}
[15.023395] (so3_quadrotor_simulator) StdoutLine: {'line': b'-- Up-to-date symlink: /home/zhr/YOPO-ROS2/Controller/install/so3_quadrotor_simulator/include/ode/boost/numeric/odeint/stepper/generation/generation_dense_output_runge_kutta.hpp\n'}
[15.023434] (so3_quadrotor_simulator) StdoutLine: {'line': b'-- Up-to-date symlink: /home/zhr/YOPO-ROS2/Controller/install/so3_quadrotor_simulator/include/ode/boost/numeric/odeint/stepper/generation/generation_rosenbrock4.hpp\n'}
[15.023475] (so3_quadrotor_simulator) StdoutLine: {'line': b'-- Up-to-date symlink: /home/zhr/YOPO-ROS2/Controller/install/so3_quadrotor_simulator/include/ode/boost/numeric/odeint/stepper/generation/generation_runge_kutta_cash_karp54.hpp\n'}
[15.023510] (so3_quadrotor_simulator) StdoutLine: {'line': b'-- Up-to-date symlink: /home/zhr/YOPO-ROS2/Controller/install/so3_quadrotor_simulator/include/ode/boost/numeric/odeint/stepper/generation/generation_runge_kutta_cash_karp54_classic.hpp\n'}
[15.023548] (so3_quadrotor_simulator) StdoutLine: {'line': b'-- Up-to-date symlink: /home/zhr/YOPO-ROS2/Controller/install/so3_quadrotor_simulator/include/ode/boost/numeric/odeint/stepper/generation/generation_runge_kutta_dopri5.hpp\n'}
[15.023586] (so3_quadrotor_simulator) StdoutLine: {'line': b'-- Up-to-date symlink: /home/zhr/YOPO-ROS2/Controller/install/so3_quadrotor_simulator/include/ode/boost/numeric/odeint/stepper/generation/generation_runge_kutta_fehlberg78.hpp\n'}
[15.023625] (so3_quadrotor_simulator) StdoutLine: {'line': b'-- Up-to-date symlink: /home/zhr/YOPO-ROS2/Controller/install/so3_quadrotor_simulator/include/ode/boost/numeric/odeint/stepper/generation/make_controlled.hpp\n'}
[15.023662] (so3_quadrotor_simulator) StdoutLine: {'line': b'-- Up-to-date symlink: /home/zhr/YOPO-ROS2/Controller/install/so3_quadrotor_simulator/include/ode/boost/numeric/odeint/stepper/generation/make_dense_output.hpp\n'}
[15.023699] (so3_quadrotor_simulator) StdoutLine: {'line': b'-- Up-to-date symlink: /home/zhr/YOPO-ROS2/Controller/install/so3_quadrotor_simulator/include/ode/boost/numeric/odeint/stepper/implicit_euler.hpp\n'}
[15.023737] (so3_quadrotor_simulator) StdoutLine: {'line': b'-- Up-to-date symlink: /home/zhr/YOPO-ROS2/Controller/install/so3_quadrotor_simulator/include/ode/boost/numeric/odeint/stepper/modified_midpoint.hpp\n'}
[15.023772] (so3_quadrotor_simulator) StdoutLine: {'line': b'-- Up-to-date symlink: /home/zhr/YOPO-ROS2/Controller/install/so3_quadrotor_simulator/include/ode/boost/numeric/odeint/stepper/rosenbrock4.hpp\n'}
[15.023808] (so3_quadrotor_simulator) StdoutLine: {'line': b'-- Up-to-date symlink: /home/zhr/YOPO-ROS2/Controller/install/so3_quadrotor_simulator/include/ode/boost/numeric/odeint/stepper/rosenbrock4_controller.hpp\n'}
[15.023844] (so3_quadrotor_simulator) StdoutLine: {'line': b'-- Up-to-date symlink: /home/zhr/YOPO-ROS2/Controller/install/so3_quadrotor_simulator/include/ode/boost/numeric/odeint/stepper/rosenbrock4_dense_output.hpp\n'}
[15.023880] (so3_quadrotor_simulator) StdoutLine: {'line': b'-- Up-to-date symlink: /home/zhr/YOPO-ROS2/Controller/install/so3_quadrotor_simulator/include/ode/boost/numeric/odeint/stepper/runge_kutta4.hpp\n'}
[15.023917] (so3_quadrotor_simulator) StdoutLine: {'line': b'-- Up-to-date symlink: /home/zhr/YOPO-ROS2/Controller/install/so3_quadrotor_simulator/include/ode/boost/numeric/odeint/stepper/runge_kutta4_classic.hpp\n'}
[15.023952] (so3_quadrotor_simulator) StdoutLine: {'line': b'-- Up-to-date symlink: /home/zhr/YOPO-ROS2/Controller/install/so3_quadrotor_simulator/include/ode/boost/numeric/odeint/stepper/runge_kutta_cash_karp54.hpp\n'}
[15.023989] (so3_quadrotor_simulator) StdoutLine: {'line': b'-- Up-to-date symlink: /home/zhr/YOPO-ROS2/Controller/install/so3_quadrotor_simulator/include/ode/boost/numeric/odeint/stepper/runge_kutta_cash_karp54_classic.hpp\n'}
[15.024026] (so3_quadrotor_simulator) StdoutLine: {'line': b'-- Up-to-date symlink: /home/zhr/YOPO-ROS2/Controller/install/so3_quadrotor_simulator/include/ode/boost/numeric/odeint/stepper/runge_kutta_dopri5.hpp\n'}
[15.024061] (so3_quadrotor_simulator) StdoutLine: {'line': b'-- Up-to-date symlink: /home/zhr/YOPO-ROS2/Controller/install/so3_quadrotor_simulator/include/ode/boost/numeric/odeint/stepper/runge_kutta_fehlberg78.hpp\n'}
[15.024098] (so3_quadrotor_simulator) StdoutLine: {'line': b'-- Up-to-date symlink: /home/zhr/YOPO-ROS2/Controller/install/so3_quadrotor_simulator/include/ode/boost/numeric/odeint/stepper/stepper_categories.hpp\n'}
[15.024134] (so3_quadrotor_simulator) StdoutLine: {'line': b'-- Up-to-date symlink: /home/zhr/YOPO-ROS2/Controller/install/so3_quadrotor_simulator/include/ode/boost/numeric/odeint/stepper/symplectic_euler.hpp\n'}
[15.024171] (so3_quadrotor_simulator) StdoutLine: {'line': b'-- Up-to-date symlink: /home/zhr/YOPO-ROS2/Controller/install/so3_quadrotor_simulator/include/ode/boost/numeric/odeint/stepper/symplectic_rkn_sb3a_m4_mclachlan.hpp\n'}
[15.024208] (so3_quadrotor_simulator) StdoutLine: {'line': b'-- Up-to-date symlink: /home/zhr/YOPO-ROS2/Controller/install/so3_quadrotor_simulator/include/ode/boost/numeric/odeint/stepper/symplectic_rkn_sb3a_mclachlan.hpp\n'}
[15.024244] (so3_quadrotor_simulator) StdoutLine: {'line': b'-- Up-to-date symlink: /home/zhr/YOPO-ROS2/Controller/install/so3_quadrotor_simulator/include/ode/boost/numeric/odeint/util/bind.hpp\n'}
[15.024280] (so3_quadrotor_simulator) StdoutLine: {'line': b'-- Up-to-date symlink: /home/zhr/YOPO-ROS2/Controller/install/so3_quadrotor_simulator/include/ode/boost/numeric/odeint/util/copy.hpp\n'}
[15.024318] (so3_quadrotor_simulator) StdoutLine: {'line': b'-- Up-to-date symlink: /home/zhr/YOPO-ROS2/Controller/install/so3_quadrotor_simulator/include/ode/boost/numeric/odeint/util/detail/is_range.hpp\n'}
[15.024354] (so3_quadrotor_simulator) StdoutLine: {'line': b'-- Up-to-date symlink: /home/zhr/YOPO-ROS2/Controller/install/so3_quadrotor_simulator/include/ode/boost/numeric/odeint/util/detail/less_with_sign.hpp\n'}
[15.024391] (so3_quadrotor_simulator) StdoutLine: {'line': b'-- Up-to-date symlink: /home/zhr/YOPO-ROS2/Controller/install/so3_quadrotor_simulator/include/ode/boost/numeric/odeint/util/is_pair.hpp\n'}
[15.024428] (so3_quadrotor_simulator) StdoutLine: {'line': b'-- Up-to-date symlink: /home/zhr/YOPO-ROS2/Controller/install/so3_quadrotor_simulator/include/ode/boost/numeric/odeint/util/is_resizeable.hpp\n'}
[15.024469] (so3_quadrotor_simulator) StdoutLine: {'line': b'-- Up-to-date symlink: /home/zhr/YOPO-ROS2/Controller/install/so3_quadrotor_simulator/include/ode/boost/numeric/odeint/util/resize.hpp\n'}
[15.024501] (so3_quadrotor_simulator) StdoutLine: {'line': b'-- Up-to-date symlink: /home/zhr/YOPO-ROS2/Controller/install/so3_quadrotor_simulator/include/ode/boost/numeric/odeint/util/resizer.hpp\n'}
[15.024537] (so3_quadrotor_simulator) StdoutLine: {'line': b'-- Up-to-date symlink: /home/zhr/YOPO-ROS2/Controller/install/so3_quadrotor_simulator/include/ode/boost/numeric/odeint/util/same_instance.hpp\n'}
[15.024572] (so3_quadrotor_simulator) StdoutLine: {'line': b'-- Up-to-date symlink: /home/zhr/YOPO-ROS2/Controller/install/so3_quadrotor_simulator/include/ode/boost/numeric/odeint/util/same_size.hpp\n'}
[15.024609] (so3_quadrotor_simulator) StdoutLine: {'line': b'-- Up-to-date symlink: /home/zhr/YOPO-ROS2/Controller/install/so3_quadrotor_simulator/include/ode/boost/numeric/odeint/util/state_wrapper.hpp\n'}
[15.024645] (so3_quadrotor_simulator) StdoutLine: {'line': b'-- Up-to-date symlink: /home/zhr/YOPO-ROS2/Controller/install/so3_quadrotor_simulator/include/ode/boost/numeric/odeint/util/ublas_wrapper.hpp\n'}
[15.024680] (so3_quadrotor_simulator) StdoutLine: {'line': b'-- Up-to-date symlink: /home/zhr/YOPO-ROS2/Controller/install/so3_quadrotor_simulator/include/ode/boost/numeric/odeint/util/unit_helper.hpp\n'}
[15.024715] (so3_quadrotor_simulator) StdoutLine: {'line': b'-- Up-to-date symlink: /home/zhr/YOPO-ROS2/Controller/install/so3_quadrotor_simulator/include/ode/boost/numeric/odeint/util/unwrap_reference.hpp\n'}
[15.024751] (so3_quadrotor_simulator) StdoutLine: {'line': b'-- Up-to-date symlink: /home/zhr/YOPO-ROS2/Controller/install/so3_quadrotor_simulator/include/ode/boost/numeric/odeint/version.hpp\n'}
[15.024789] (so3_quadrotor_simulator) StdoutLine: {'line': b'-- Up-to-date symlink: /home/zhr/YOPO-ROS2/Controller/install/so3_quadrotor_simulator/include/ode/libs/numeric/odeint/doc/Jamfile.v2\n'}
[15.024825] (so3_quadrotor_simulator) StdoutLine: {'line': b'-- Up-to-date symlink: /home/zhr/YOPO-ROS2/Controller/install/so3_quadrotor_simulator/include/ode/libs/numeric/odeint/doc/acknowledgements.qbk\n'}
[15.024860] (so3_quadrotor_simulator) StdoutLine: {'line': b'-- Up-to-date symlink: /home/zhr/YOPO-ROS2/Controller/install/so3_quadrotor_simulator/include/ode/libs/numeric/odeint/doc/concepts.qbk\n'}
[15.024899] (so3_quadrotor_simulator) StdoutLine: {'line': b'-- Up-to-date symlink: /home/zhr/YOPO-ROS2/Controller/install/so3_quadrotor_simulator/include/ode/libs/numeric/odeint/doc/concepts/controlled_stepper.qbk\n'}
[15.024936] (so3_quadrotor_simulator) StdoutLine: {'line': b'-- Up-to-date symlink: /home/zhr/YOPO-ROS2/Controller/install/so3_quadrotor_simulator/include/ode/libs/numeric/odeint/doc/concepts/dense_output_stepper.qbk\n'}
[15.024973] (so3_quadrotor_simulator) StdoutLine: {'line': b'-- Up-to-date symlink: /home/zhr/YOPO-ROS2/Controller/install/so3_quadrotor_simulator/include/ode/libs/numeric/odeint/doc/concepts/error_stepper.qbk\n'}
[15.025010] (so3_quadrotor_simulator) StdoutLine: {'line': b'-- Up-to-date symlink: /home/zhr/YOPO-ROS2/Controller/install/so3_quadrotor_simulator/include/ode/libs/numeric/odeint/doc/concepts/implicit_system.qbk\n'}
[15.025048] (so3_quadrotor_simulator) StdoutLine: {'line': b'-- Up-to-date symlink: /home/zhr/YOPO-ROS2/Controller/install/so3_quadrotor_simulator/include/ode/libs/numeric/odeint/doc/concepts/state_algebra_operations.qbk\n'}
[15.025086] (so3_quadrotor_simulator) StdoutLine: {'line': b'-- Up-to-date symlink: /home/zhr/YOPO-ROS2/Controller/install/so3_quadrotor_simulator/include/ode/libs/numeric/odeint/doc/concepts/state_wrapper.qbk\n'}
[15.025123] (so3_quadrotor_simulator) StdoutLine: {'line': b'-- Up-to-date symlink: /home/zhr/YOPO-ROS2/Controller/install/so3_quadrotor_simulator/include/ode/libs/numeric/odeint/doc/concepts/stepper.qbk\n'}
[15.025161] (so3_quadrotor_simulator) StdoutLine: {'line': b'-- Up-to-date symlink: /home/zhr/YOPO-ROS2/Controller/install/so3_quadrotor_simulator/include/ode/libs/numeric/odeint/doc/concepts/symplectic_system.qbk\n'}
[15.025199] (so3_quadrotor_simulator) StdoutLine: {'line': b'-- Up-to-date symlink: /home/zhr/YOPO-ROS2/Controller/install/so3_quadrotor_simulator/include/ode/libs/numeric/odeint/doc/concepts/system.qbk\n'}
[15.025236] (so3_quadrotor_simulator) StdoutLine: {'line': b'-- Up-to-date symlink: /home/zhr/YOPO-ROS2/Controller/install/so3_quadrotor_simulator/include/ode/libs/numeric/odeint/doc/controlled_stepper_table.qbk\n'}
[15.025272] (so3_quadrotor_simulator) StdoutLine: {'line': b'-- Up-to-date symlink: /home/zhr/YOPO-ROS2/Controller/install/so3_quadrotor_simulator/include/ode/libs/numeric/odeint/doc/details.qbk\n'}
[15.025309] (so3_quadrotor_simulator) StdoutLine: {'line': b'-- Up-to-date symlink: /home/zhr/YOPO-ROS2/Controller/install/so3_quadrotor_simulator/include/ode/libs/numeric/odeint/doc/details_bind_member_functions.qbk\n'}
[15.025346] (so3_quadrotor_simulator) StdoutLine: {'line': b'-- Up-to-date symlink: /home/zhr/YOPO-ROS2/Controller/install/so3_quadrotor_simulator/include/ode/libs/numeric/odeint/doc/details_boost_range.qbk\n'}
[15.025382] (so3_quadrotor_simulator) StdoutLine: {'line': b'-- Up-to-date symlink: /home/zhr/YOPO-ROS2/Controller/install/so3_quadrotor_simulator/include/ode/libs/numeric/odeint/doc/details_boost_ref.qbk\n'}
[15.025418] (so3_quadrotor_simulator) StdoutLine: {'line': b'-- Up-to-date symlink: /home/zhr/YOPO-ROS2/Controller/install/so3_quadrotor_simulator/include/ode/libs/numeric/odeint/doc/details_generation_functions.qbk\n'}
[15.025460] (so3_quadrotor_simulator) StdoutLine: {'line': b'-- Up-to-date symlink: /home/zhr/YOPO-ROS2/Controller/install/so3_quadrotor_simulator/include/ode/libs/numeric/odeint/doc/details_integrate_functions.qbk\n'}
[15.025494] (so3_quadrotor_simulator) StdoutLine: {'line': b'-- Up-to-date symlink: /home/zhr/YOPO-ROS2/Controller/install/so3_quadrotor_simulator/include/ode/libs/numeric/odeint/doc/details_state_types_algebras_operations.qbk\n'}
[15.025532] (so3_quadrotor_simulator) StdoutLine: {'line': b'-- Up-to-date symlink: /home/zhr/YOPO-ROS2/Controller/install/so3_quadrotor_simulator/include/ode/libs/numeric/odeint/doc/details_steppers.qbk\n'}
[15.025566] (so3_quadrotor_simulator) StdoutLine: {'line': b'-- Up-to-date symlink: /home/zhr/YOPO-ROS2/Controller/install/so3_quadrotor_simulator/include/ode/libs/numeric/odeint/doc/examples_table.qbk\n'}
[15.025602] (so3_quadrotor_simulator) StdoutLine: {'line': b'-- Up-to-date symlink: /home/zhr/YOPO-ROS2/Controller/install/so3_quadrotor_simulator/include/ode/libs/numeric/odeint/doc/getting_started.qbk\n'}
[15.025639] (so3_quadrotor_simulator) StdoutLine: {'line': b'-- Up-to-date symlink: /home/zhr/YOPO-ROS2/Controller/install/so3_quadrotor_simulator/include/ode/libs/numeric/odeint/doc/html/boostbook.css\n'}
[15.025677] (so3_quadrotor_simulator) StdoutLine: {'line': b'-- Up-to-date symlink: /home/zhr/YOPO-ROS2/Controller/install/so3_quadrotor_simulator/include/ode/libs/numeric/odeint/doc/html/images/alert.png\n'}
[15.025716] (so3_quadrotor_simulator) StdoutLine: {'line': b'-- Up-to-date symlink: /home/zhr/YOPO-ROS2/Controller/install/so3_quadrotor_simulator/include/ode/libs/numeric/odeint/doc/html/images/blank.png\n'}
[15.025756] (so3_quadrotor_simulator) StdoutLine: {'line': b'-- Up-to-date symlink: /home/zhr/YOPO-ROS2/Controller/install/so3_quadrotor_simulator/include/ode/libs/numeric/odeint/doc/html/images/callouts/1.png\n'}
[15.025795] (so3_quadrotor_simulator) StdoutLine: {'line': b'-- Up-to-date symlink: /home/zhr/YOPO-ROS2/Controller/install/so3_quadrotor_simulator/include/ode/libs/numeric/odeint/doc/html/images/callouts/1.svg\n'}
[15.025834] (so3_quadrotor_simulator) StdoutLine: {'line': b'-- Up-to-date symlink: /home/zhr/YOPO-ROS2/Controller/install/so3_quadrotor_simulator/include/ode/libs/numeric/odeint/doc/html/images/callouts/10.png\n'}
[15.025875] (so3_quadrotor_simulator) StdoutLine: {'line': b'-- Up-to-date symlink: /home/zhr/YOPO-ROS2/Controller/install/so3_quadrotor_simulator/include/ode/libs/numeric/odeint/doc/html/images/callouts/10.svg\n'}
[15.025914] (so3_quadrotor_simulator) StdoutLine: {'line': b'-- Up-to-date symlink: /home/zhr/YOPO-ROS2/Controller/install/so3_quadrotor_simulator/include/ode/libs/numeric/odeint/doc/html/images/callouts/11.png\n'}
[15.025954] (so3_quadrotor_simulator) StdoutLine: {'line': b'-- Up-to-date symlink: /home/zhr/YOPO-ROS2/Controller/install/so3_quadrotor_simulator/include/ode/libs/numeric/odeint/doc/html/images/callouts/11.svg\n'}
[15.025993] (so3_quadrotor_simulator) StdoutLine: {'line': b'-- Up-to-date symlink: /home/zhr/YOPO-ROS2/Controller/install/so3_quadrotor_simulator/include/ode/libs/numeric/odeint/doc/html/images/callouts/12.png\n'}
[15.026032] (so3_quadrotor_simulator) StdoutLine: {'line': b'-- Up-to-date symlink: /home/zhr/YOPO-ROS2/Controller/install/so3_quadrotor_simulator/include/ode/libs/numeric/odeint/doc/html/images/callouts/12.svg\n'}
[15.026071] (so3_quadrotor_simulator) StdoutLine: {'line': b'-- Up-to-date symlink: /home/zhr/YOPO-ROS2/Controller/install/so3_quadrotor_simulator/include/ode/libs/numeric/odeint/doc/html/images/callouts/13.png\n'}
[15.026110] (so3_quadrotor_simulator) StdoutLine: {'line': b'-- Up-to-date symlink: /home/zhr/YOPO-ROS2/Controller/install/so3_quadrotor_simulator/include/ode/libs/numeric/odeint/doc/html/images/callouts/13.svg\n'}
[15.026149] (so3_quadrotor_simulator) StdoutLine: {'line': b'-- Up-to-date symlink: /home/zhr/YOPO-ROS2/Controller/install/so3_quadrotor_simulator/include/ode/libs/numeric/odeint/doc/html/images/callouts/14.png\n'}
[15.026187] (so3_quadrotor_simulator) StdoutLine: {'line': b'-- Up-to-date symlink: /home/zhr/YOPO-ROS2/Controller/install/so3_quadrotor_simulator/include/ode/libs/numeric/odeint/doc/html/images/callouts/14.svg\n'}
[15.026226] (so3_quadrotor_simulator) StdoutLine: {'line': b'-- Up-to-date symlink: /home/zhr/YOPO-ROS2/Controller/install/so3_quadrotor_simulator/include/ode/libs/numeric/odeint/doc/html/images/callouts/15.png\n'}
[15.026267] (so3_quadrotor_simulator) StdoutLine: {'line': b'-- Up-to-date symlink: /home/zhr/YOPO-ROS2/Controller/install/so3_quadrotor_simulator/include/ode/libs/numeric/odeint/doc/html/images/callouts/15.svg\n'}
[15.026306] (so3_quadrotor_simulator) StdoutLine: {'line': b'-- Up-to-date symlink: /home/zhr/YOPO-ROS2/Controller/install/so3_quadrotor_simulator/include/ode/libs/numeric/odeint/doc/html/images/callouts/16.svg\n'}
[15.026343] (so3_quadrotor_simulator) StdoutLine: {'line': b'-- Up-to-date symlink: /home/zhr/YOPO-ROS2/Controller/install/so3_quadrotor_simulator/include/ode/libs/numeric/odeint/doc/html/images/callouts/17.svg\n'}
[15.026382] (so3_quadrotor_simulator) StdoutLine: {'line': b'-- Up-to-date symlink: /home/zhr/YOPO-ROS2/Controller/install/so3_quadrotor_simulator/include/ode/libs/numeric/odeint/doc/html/images/callouts/18.svg\n'}
[15.026421] (so3_quadrotor_simulator) StdoutLine: {'line': b'-- Up-to-date symlink: /home/zhr/YOPO-ROS2/Controller/install/so3_quadrotor_simulator/include/ode/libs/numeric/odeint/doc/html/images/callouts/19.svg\n'}
[15.026496] (so3_quadrotor_simulator) StdoutLine: {'line': b'-- Up-to-date symlink: /home/zhr/YOPO-ROS2/Controller/install/so3_quadrotor_simulator/include/ode/libs/numeric/odeint/doc/html/images/callouts/2.png\n'}
[15.026811] (so3_quadrotor_simulator) StdoutLine: {'line': b'-- Up-to-date symlink: /home/zhr/YOPO-ROS2/Controller/install/so3_quadrotor_simulator/include/ode/libs/numeric/odeint/doc/html/images/callouts/2.svg\n'}
[15.026847] (so3_quadrotor_simulator) StdoutLine: {'line': b'-- Up-to-date symlink: /home/zhr/YOPO-ROS2/Controller/install/so3_quadrotor_simulator/include/ode/libs/numeric/odeint/doc/html/images/callouts/20.svg\n'}
[15.026874] (so3_quadrotor_simulator) StdoutLine: {'line': b'-- Up-to-date symlink: /home/zhr/YOPO-ROS2/Controller/install/so3_quadrotor_simulator/include/ode/libs/numeric/odeint/doc/html/images/callouts/21.svg\n'}
[15.026900] (so3_quadrotor_simulator) StdoutLine: {'line': b'-- Up-to-date symlink: /home/zhr/YOPO-ROS2/Controller/install/so3_quadrotor_simulator/include/ode/libs/numeric/odeint/doc/html/images/callouts/22.svg\n'}
[15.026924] (so3_quadrotor_simulator) StdoutLine: {'line': b'-- Up-to-date symlink: /home/zhr/YOPO-ROS2/Controller/install/so3_quadrotor_simulator/include/ode/libs/numeric/odeint/doc/html/images/callouts/23.svg\n'}
[15.026948] (so3_quadrotor_simulator) StdoutLine: {'line': b'-- Up-to-date symlink: /home/zhr/YOPO-ROS2/Controller/install/so3_quadrotor_simulator/include/ode/libs/numeric/odeint/doc/html/images/callouts/24.svg\n'}
[15.027031] (so3_quadrotor_simulator) StdoutLine: {'line': b'-- Up-to-date symlink: /home/zhr/YOPO-ROS2/Controller/install/so3_quadrotor_simulator/include/ode/libs/numeric/odeint/doc/html/images/callouts/25.svg\n'}
[15.027091] (so3_quadrotor_simulator) StdoutLine: {'line': b'-- Up-to-date symlink: /home/zhr/YOPO-ROS2/Controller/install/so3_quadrotor_simulator/include/ode/libs/numeric/odeint/doc/html/images/callouts/26.svg\n'}
[15.027125] (so3_quadrotor_simulator) StdoutLine: {'line': b'-- Up-to-date symlink: /home/zhr/YOPO-ROS2/Controller/install/so3_quadrotor_simulator/include/ode/libs/numeric/odeint/doc/html/images/callouts/27.svg\n'}
[15.027158] (so3_quadrotor_simulator) StdoutLine: {'line': b'-- Up-to-date symlink: /home/zhr/YOPO-ROS2/Controller/install/so3_quadrotor_simulator/include/ode/libs/numeric/odeint/doc/html/images/callouts/28.svg\n'}
[15.027195] (so3_quadrotor_simulator) StdoutLine: {'line': b'-- Up-to-date symlink: /home/zhr/YOPO-ROS2/Controller/install/so3_quadrotor_simulator/include/ode/libs/numeric/odeint/doc/html/images/callouts/29.svg\n'}
[15.027234] (so3_quadrotor_simulator) StdoutLine: {'line': b'-- Up-to-date symlink: /home/zhr/YOPO-ROS2/Controller/install/so3_quadrotor_simulator/include/ode/libs/numeric/odeint/doc/html/images/callouts/3.png\n'}
[15.027273] (so3_quadrotor_simulator) StdoutLine: {'line': b'-- Up-to-date symlink: /home/zhr/YOPO-ROS2/Controller/install/so3_quadrotor_simulator/include/ode/libs/numeric/odeint/doc/html/images/callouts/3.svg\n'}
[15.027312] (so3_quadrotor_simulator) StdoutLine: {'line': b'-- Up-to-date symlink: /home/zhr/YOPO-ROS2/Controller/install/so3_quadrotor_simulator/include/ode/libs/numeric/odeint/doc/html/images/callouts/30.svg\n'}
[15.027351] (so3_quadrotor_simulator) StdoutLine: {'line': b'-- Up-to-date symlink: /home/zhr/YOPO-ROS2/Controller/install/so3_quadrotor_simulator/include/ode/libs/numeric/odeint/doc/html/images/callouts/4.png\n'}
[15.027390] (so3_quadrotor_simulator) StdoutLine: {'line': b'-- Up-to-date symlink: /home/zhr/YOPO-ROS2/Controller/install/so3_quadrotor_simulator/include/ode/libs/numeric/odeint/doc/html/images/callouts/4.svg\n'}
[15.027436] (so3_quadrotor_simulator) StdoutLine: {'line': b'-- Up-to-date symlink: /home/zhr/YOPO-ROS2/Controller/install/so3_quadrotor_simulator/include/ode/libs/numeric/odeint/doc/html/images/callouts/5.png\n'}
[15.027616] (so3_quadrotor_simulator) StdoutLine: {'line': b'-- Up-to-date symlink: /home/zhr/YOPO-ROS2/Controller/install/so3_quadrotor_simulator/include/ode/libs/numeric/odeint/doc/html/images/callouts/5.svg\n'}
[15.027725] (so3_quadrotor_simulator) StdoutLine: {'line': b'-- Up-to-date symlink: /home/zhr/YOPO-ROS2/Controller/install/so3_quadrotor_simulator/include/ode/libs/numeric/odeint/doc/html/images/callouts/6.png\n'}
[15.027783] (so3_quadrotor_simulator) StdoutLine: {'line': b'-- Up-to-date symlink: /home/zhr/YOPO-ROS2/Controller/install/so3_quadrotor_simulator/include/ode/libs/numeric/odeint/doc/html/images/callouts/6.svg\n'}
[15.027857] (so3_quadrotor_simulator) StdoutLine: {'line': b'-- Up-to-date symlink: /home/zhr/YOPO-ROS2/Controller/install/so3_quadrotor_simulator/include/ode/libs/numeric/odeint/doc/html/images/callouts/7.png\n'}
[15.027921] (so3_quadrotor_simulator) StdoutLine: {'line': b'-- Up-to-date symlink: /home/zhr/YOPO-ROS2/Controller/install/so3_quadrotor_simulator/include/ode/libs/numeric/odeint/doc/html/images/callouts/7.svg\n'}
[15.027975] (so3_quadrotor_simulator) StdoutLine: {'line': b'-- Up-to-date symlink: /home/zhr/YOPO-ROS2/Controller/install/so3_quadrotor_simulator/include/ode/libs/numeric/odeint/doc/html/images/callouts/8.png\n'}
[15.028014] (so3_quadrotor_simulator) StdoutLine: {'line': b'-- Up-to-date symlink: /home/zhr/YOPO-ROS2/Controller/install/so3_quadrotor_simulator/include/ode/libs/numeric/odeint/doc/html/images/callouts/8.svg\n'}
[15.028053] (so3_quadrotor_simulator) StdoutLine: {'line': b'-- Up-to-date symlink: /home/zhr/YOPO-ROS2/Controller/install/so3_quadrotor_simulator/include/ode/libs/numeric/odeint/doc/html/images/callouts/9.png\n'}
[15.028091] (so3_quadrotor_simulator) StdoutLine: {'line': b'-- Up-to-date symlink: /home/zhr/YOPO-ROS2/Controller/install/so3_quadrotor_simulator/include/ode/libs/numeric/odeint/doc/html/images/callouts/9.svg\n'}
[15.028127] (so3_quadrotor_simulator) StdoutLine: {'line': b'-- Up-to-date symlink: /home/zhr/YOPO-ROS2/Controller/install/so3_quadrotor_simulator/include/ode/libs/numeric/odeint/doc/html/images/caution.png\n'}
[15.028164] (so3_quadrotor_simulator) StdoutLine: {'line': b'-- Up-to-date symlink: /home/zhr/YOPO-ROS2/Controller/install/so3_quadrotor_simulator/include/ode/libs/numeric/odeint/doc/html/images/caution.svg\n'}
[15.028201] (so3_quadrotor_simulator) StdoutLine: {'line': b'-- Up-to-date symlink: /home/zhr/YOPO-ROS2/Controller/install/so3_quadrotor_simulator/include/ode/libs/numeric/odeint/doc/html/images/draft.png\n'}
[15.028239] (so3_quadrotor_simulator) StdoutLine: {'line': b'-- Up-to-date symlink: /home/zhr/YOPO-ROS2/Controller/install/so3_quadrotor_simulator/include/ode/libs/numeric/odeint/doc/html/images/home.png\n'}
[15.028276] (so3_quadrotor_simulator) StdoutLine: {'line': b'-- Up-to-date symlink: /home/zhr/YOPO-ROS2/Controller/install/so3_quadrotor_simulator/include/ode/libs/numeric/odeint/doc/html/images/home.svg\n'}
[15.028316] (so3_quadrotor_simulator) StdoutLine: {'line': b'-- Up-to-date symlink: /home/zhr/YOPO-ROS2/Controller/install/so3_quadrotor_simulator/include/ode/libs/numeric/odeint/doc/html/images/important.png\n'}
[15.028354] (so3_quadrotor_simulator) StdoutLine: {'line': b'-- Up-to-date symlink: /home/zhr/YOPO-ROS2/Controller/install/so3_quadrotor_simulator/include/ode/libs/numeric/odeint/doc/html/images/important.svg\n'}
[15.028394] (so3_quadrotor_simulator) StdoutLine: {'line': b'-- Up-to-date symlink: /home/zhr/YOPO-ROS2/Controller/install/so3_quadrotor_simulator/include/ode/libs/numeric/odeint/doc/html/images/next.png\n'}
[15.028428] (so3_quadrotor_simulator) StdoutLine: {'line': b'-- Up-to-date symlink: /home/zhr/YOPO-ROS2/Controller/install/so3_quadrotor_simulator/include/ode/libs/numeric/odeint/doc/html/images/next.svg\n'}
[15.028476] (so3_quadrotor_simulator) StdoutLine: {'line': b'-- Up-to-date symlink: /home/zhr/YOPO-ROS2/Controller/install/so3_quadrotor_simulator/include/ode/libs/numeric/odeint/doc/html/images/next_disabled.png\n'}
[15.028518] (so3_quadrotor_simulator) StdoutLine: {'line': b'-- Up-to-date symlink: /home/zhr/YOPO-ROS2/Controller/install/so3_quadrotor_simulator/include/ode/libs/numeric/odeint/doc/html/images/note.png\n'}
[15.028557] (so3_quadrotor_simulator) StdoutLine: {'line': b'-- Up-to-date symlink: /home/zhr/YOPO-ROS2/Controller/install/so3_quadrotor_simulator/include/ode/libs/numeric/odeint/doc/html/images/note.svg\n'}
[15.028593] (so3_quadrotor_simulator) StdoutLine: {'line': b'-- Up-to-date symlink: /home/zhr/YOPO-ROS2/Controller/install/so3_quadrotor_simulator/include/ode/libs/numeric/odeint/doc/html/images/prev.png\n'}
[15.028630] (so3_quadrotor_simulator) StdoutLine: {'line': b'-- Up-to-date symlink: /home/zhr/YOPO-ROS2/Controller/install/so3_quadrotor_simulator/include/ode/libs/numeric/odeint/doc/html/images/prev.svg\n'}
[15.028669] (so3_quadrotor_simulator) StdoutLine: {'line': b'-- Up-to-date symlink: /home/zhr/YOPO-ROS2/Controller/install/so3_quadrotor_simulator/include/ode/libs/numeric/odeint/doc/html/images/prev_disabled.png\n'}
[15.028706] (so3_quadrotor_simulator) StdoutLine: {'line': b'-- Up-to-date symlink: /home/zhr/YOPO-ROS2/Controller/install/so3_quadrotor_simulator/include/ode/libs/numeric/odeint/doc/html/images/smiley.png\n'}
[15.028743] (so3_quadrotor_simulator) StdoutLine: {'line': b'-- Up-to-date symlink: /home/zhr/YOPO-ROS2/Controller/install/so3_quadrotor_simulator/include/ode/libs/numeric/odeint/doc/html/images/tip.png\n'}
[15.028780] (so3_quadrotor_simulator) StdoutLine: {'line': b'-- Up-to-date symlink: /home/zhr/YOPO-ROS2/Controller/install/so3_quadrotor_simulator/include/ode/libs/numeric/odeint/doc/html/images/tip.svg\n'}
[15.028817] (so3_quadrotor_simulator) StdoutLine: {'line': b'-- Up-to-date symlink: /home/zhr/YOPO-ROS2/Controller/install/so3_quadrotor_simulator/include/ode/libs/numeric/odeint/doc/html/images/toc-blank.png\n'}
[15.028855] (so3_quadrotor_simulator) StdoutLine: {'line': b'-- Up-to-date symlink: /home/zhr/YOPO-ROS2/Controller/install/so3_quadrotor_simulator/include/ode/libs/numeric/odeint/doc/html/images/toc-minus.png\n'}
[15.028892] (so3_quadrotor_simulator) StdoutLine: {'line': b'-- Up-to-date symlink: /home/zhr/YOPO-ROS2/Controller/install/so3_quadrotor_simulator/include/ode/libs/numeric/odeint/doc/html/images/toc-plus.png\n'}
[15.028929] (so3_quadrotor_simulator) StdoutLine: {'line': b'-- Up-to-date symlink: /home/zhr/YOPO-ROS2/Controller/install/so3_quadrotor_simulator/include/ode/libs/numeric/odeint/doc/html/images/up.png\n'}
[15.028965] (so3_quadrotor_simulator) StdoutLine: {'line': b'-- Up-to-date symlink: /home/zhr/YOPO-ROS2/Controller/install/so3_quadrotor_simulator/include/ode/libs/numeric/odeint/doc/html/images/up.svg\n'}
[15.029007] (so3_quadrotor_simulator) StdoutLine: {'line': b'-- Up-to-date symlink: /home/zhr/YOPO-ROS2/Controller/install/so3_quadrotor_simulator/include/ode/libs/numeric/odeint/doc/html/images/up_disabled.png\n'}
[15.029045] (so3_quadrotor_simulator) StdoutLine: {'line': b'-- Up-to-date symlink: /home/zhr/YOPO-ROS2/Controller/install/so3_quadrotor_simulator/include/ode/libs/numeric/odeint/doc/html/images/warning.png\n'}
[15.029083] (so3_quadrotor_simulator) StdoutLine: {'line': b'-- Up-to-date symlink: /home/zhr/YOPO-ROS2/Controller/install/so3_quadrotor_simulator/include/ode/libs/numeric/odeint/doc/html/images/warning.svg\n'}
[15.029119] (so3_quadrotor_simulator) StdoutLine: {'line': b'-- Up-to-date symlink: /home/zhr/YOPO-ROS2/Controller/install/so3_quadrotor_simulator/include/ode/libs/numeric/odeint/doc/html/logo.jpg\n'}
[15.029157] (so3_quadrotor_simulator) StdoutLine: {'line': b'-- Up-to-date symlink: /home/zhr/YOPO-ROS2/Controller/install/so3_quadrotor_simulator/include/ode/libs/numeric/odeint/doc/html/phase_lattice_2d_0000.jpg\n'}
[15.029195] (so3_quadrotor_simulator) StdoutLine: {'line': b'-- Up-to-date symlink: /home/zhr/YOPO-ROS2/Controller/install/so3_quadrotor_simulator/include/ode/libs/numeric/odeint/doc/html/phase_lattice_2d_0100.jpg\n'}
[15.029231] (so3_quadrotor_simulator) StdoutLine: {'line': b'-- Up-to-date symlink: /home/zhr/YOPO-ROS2/Controller/install/so3_quadrotor_simulator/include/ode/libs/numeric/odeint/doc/html/phase_lattice_2d_1000.jpg\n'}
[15.029267] (so3_quadrotor_simulator) StdoutLine: {'line': b'-- Up-to-date symlink: /home/zhr/YOPO-ROS2/Controller/install/so3_quadrotor_simulator/include/ode/libs/numeric/odeint/doc/html/solar_system.jpg\n'}
[15.029303] (so3_quadrotor_simulator) StdoutLine: {'line': b'-- Up-to-date symlink: /home/zhr/YOPO-ROS2/Controller/install/so3_quadrotor_simulator/include/ode/libs/numeric/odeint/doc/literature.qbk\n'}
[15.029340] (so3_quadrotor_simulator) StdoutLine: {'line': b'-- Up-to-date symlink: /home/zhr/YOPO-ROS2/Controller/install/so3_quadrotor_simulator/include/ode/libs/numeric/odeint/doc/make_controlled_table.qbk\n'}
[15.029374] (so3_quadrotor_simulator) StdoutLine: {'line': b'-- Up-to-date symlink: /home/zhr/YOPO-ROS2/Controller/install/so3_quadrotor_simulator/include/ode/libs/numeric/odeint/doc/make_dense_output_table.qbk\n'}
[15.029410] (so3_quadrotor_simulator) StdoutLine: {'line': b'-- Up-to-date symlink: /home/zhr/YOPO-ROS2/Controller/install/so3_quadrotor_simulator/include/ode/libs/numeric/odeint/doc/odeint.idx\n'}
[15.029447] (so3_quadrotor_simulator) StdoutLine: {'line': b'-- Up-to-date symlink: /home/zhr/YOPO-ROS2/Controller/install/so3_quadrotor_simulator/include/ode/libs/numeric/odeint/doc/odeint.qbk\n'}
[15.029482] (so3_quadrotor_simulator) StdoutLine: {'line': b'-- Up-to-date symlink: /home/zhr/YOPO-ROS2/Controller/install/so3_quadrotor_simulator/include/ode/libs/numeric/odeint/doc/range_table.qbk\n'}
[15.029522] (so3_quadrotor_simulator) StdoutLine: {'line': b'-- Up-to-date symlink: /home/zhr/YOPO-ROS2/Controller/install/so3_quadrotor_simulator/include/ode/libs/numeric/odeint/doc/stepper_table.qbk\n'}
[15.029552] (so3_quadrotor_simulator) StdoutLine: {'line': b'-- Up-to-date symlink: /home/zhr/YOPO-ROS2/Controller/install/so3_quadrotor_simulator/include/ode/libs/numeric/odeint/doc/tutorial.qbk\n'}
[15.029587] (so3_quadrotor_simulator) StdoutLine: {'line': b'-- Up-to-date symlink: /home/zhr/YOPO-ROS2/Controller/install/so3_quadrotor_simulator/include/ode/libs/numeric/odeint/doc/tutorial_chaotic_system.qbk\n'}
[15.029624] (so3_quadrotor_simulator) StdoutLine: {'line': b'-- Up-to-date symlink: /home/zhr/YOPO-ROS2/Controller/install/so3_quadrotor_simulator/include/ode/libs/numeric/odeint/doc/tutorial_harmonic_oscillator.qbk\n'}
[15.029661] (so3_quadrotor_simulator) StdoutLine: {'line': b'-- Up-to-date symlink: /home/zhr/YOPO-ROS2/Controller/install/so3_quadrotor_simulator/include/ode/libs/numeric/odeint/doc/tutorial_solar_system.qbk\n'}
[15.029696] (so3_quadrotor_simulator) StdoutLine: {'line': b'-- Up-to-date symlink: /home/zhr/YOPO-ROS2/Controller/install/so3_quadrotor_simulator/include/ode/libs/numeric/odeint/doc/tutorial_special_topics.qbk\n'}
[15.029732] (so3_quadrotor_simulator) StdoutLine: {'line': b'-- Up-to-date symlink: /home/zhr/YOPO-ROS2/Controller/install/so3_quadrotor_simulator/include/ode/libs/numeric/odeint/doc/tutorial_stiff_systems.qbk\n'}
[15.029766] (so3_quadrotor_simulator) StdoutLine: {'line': b'-- Up-to-date symlink: /home/zhr/YOPO-ROS2/Controller/install/so3_quadrotor_simulator/include/ode/libs/numeric/odeint/doc/tutorial_thrust_cuda.qbk\n'}
[15.029801] (so3_quadrotor_simulator) StdoutLine: {'line': b'-- Up-to-date symlink: /home/zhr/YOPO-ROS2/Controller/install/so3_quadrotor_simulator/include/ode/libs/numeric/odeint/doc/tutorial_vexcl_opencl.qbk\n'}
[15.029840] (so3_quadrotor_simulator) StdoutLine: {'line': b'-- Up-to-date symlink: /home/zhr/YOPO-ROS2/Controller/install/so3_quadrotor_simulator/include/ode/libs/numeric/odeint/examples/2d_lattice/Jamfile.v2\n'}
[15.029878] (so3_quadrotor_simulator) StdoutLine: {'line': b'-- Up-to-date symlink: /home/zhr/YOPO-ROS2/Controller/install/so3_quadrotor_simulator/include/ode/libs/numeric/odeint/examples/2d_lattice/lattice2d.hpp\n'}
[15.029918] (so3_quadrotor_simulator) StdoutLine: {'line': b'-- Up-to-date symlink: /home/zhr/YOPO-ROS2/Controller/install/so3_quadrotor_simulator/include/ode/libs/numeric/odeint/examples/2d_lattice/nested_range_algebra.hpp\n'}
[15.029955] (so3_quadrotor_simulator) StdoutLine: {'line': b'-- Up-to-date symlink: /home/zhr/YOPO-ROS2/Controller/install/so3_quadrotor_simulator/include/ode/libs/numeric/odeint/examples/2d_lattice/spreading.cpp\n'}
[15.029992] (so3_quadrotor_simulator) StdoutLine: {'line': b'-- Up-to-date symlink: /home/zhr/YOPO-ROS2/Controller/install/so3_quadrotor_simulator/include/ode/libs/numeric/odeint/examples/2d_lattice/vector_vector_resize.hpp\n'}
[15.030028] (so3_quadrotor_simulator) StdoutLine: {'line': b'-- Up-to-date symlink: /home/zhr/YOPO-ROS2/Controller/install/so3_quadrotor_simulator/include/ode/libs/numeric/odeint/examples/Jamfile.v2\n'}
[15.030064] (so3_quadrotor_simulator) StdoutLine: {'line': b'-- Up-to-date symlink: /home/zhr/YOPO-ROS2/Controller/install/so3_quadrotor_simulator/include/ode/libs/numeric/odeint/examples/bind_member_functions.cpp\n'}
[15.030101] (so3_quadrotor_simulator) StdoutLine: {'line': b'-- Up-to-date symlink: /home/zhr/YOPO-ROS2/Controller/install/so3_quadrotor_simulator/include/ode/libs/numeric/odeint/examples/bind_member_functions_cpp11.cpp\n'}
[15.030136] (so3_quadrotor_simulator) StdoutLine: {'line': b'-- Up-to-date symlink: /home/zhr/YOPO-ROS2/Controller/install/so3_quadrotor_simulator/include/ode/libs/numeric/odeint/examples/bulirsch_stoer.cpp\n'}
[15.030171] (so3_quadrotor_simulator) StdoutLine: {'line': b'-- Up-to-date symlink: /home/zhr/YOPO-ROS2/Controller/install/so3_quadrotor_simulator/include/ode/libs/numeric/odeint/examples/chaotic_system.cpp\n'}
[15.030207] (so3_quadrotor_simulator) StdoutLine: {'line': b'-- Up-to-date symlink: /home/zhr/YOPO-ROS2/Controller/install/so3_quadrotor_simulator/include/ode/libs/numeric/odeint/examples/elliptic.py\n'}
[15.030244] (so3_quadrotor_simulator) StdoutLine: {'line': b'-- Up-to-date symlink: /home/zhr/YOPO-ROS2/Controller/install/so3_quadrotor_simulator/include/ode/libs/numeric/odeint/examples/elliptic_functions.cpp\n'}
[15.030280] (so3_quadrotor_simulator) StdoutLine: {'line': b'-- Up-to-date symlink: /home/zhr/YOPO-ROS2/Controller/install/so3_quadrotor_simulator/include/ode/libs/numeric/odeint/examples/fpu.cpp\n'}
[15.030315] (so3_quadrotor_simulator) StdoutLine: {'line': b'-- Up-to-date symlink: /home/zhr/YOPO-ROS2/Controller/install/so3_quadrotor_simulator/include/ode/libs/numeric/odeint/examples/generation_functions.cpp\n'}
[15.030353] (so3_quadrotor_simulator) StdoutLine: {'line': b'-- Up-to-date symlink: /home/zhr/YOPO-ROS2/Controller/install/so3_quadrotor_simulator/include/ode/libs/numeric/odeint/examples/gmpxx/lorenz_gmpxx.cpp\n'}
[15.030388] (so3_quadrotor_simulator) StdoutLine: {'line': b'-- Up-to-date symlink: /home/zhr/YOPO-ROS2/Controller/install/so3_quadrotor_simulator/include/ode/libs/numeric/odeint/examples/gram_schmidt.hpp\n'}
[15.030425] (so3_quadrotor_simulator) StdoutLine: {'line': b'-- Up-to-date symlink: /home/zhr/YOPO-ROS2/Controller/install/so3_quadrotor_simulator/include/ode/libs/numeric/odeint/examples/harmonic_oscillator.cpp\n'}
[15.030467] (so3_quadrotor_simulator) StdoutLine: {'line': b'-- Up-to-date symlink: /home/zhr/YOPO-ROS2/Controller/install/so3_quadrotor_simulator/include/ode/libs/numeric/odeint/examples/harmonic_oscillator_units.cpp\n'}
[15.030501] (so3_quadrotor_simulator) StdoutLine: {'line': b'-- Up-to-date symlink: /home/zhr/YOPO-ROS2/Controller/install/so3_quadrotor_simulator/include/ode/libs/numeric/odeint/examples/heun.cpp\n'}
[15.030536] (so3_quadrotor_simulator) StdoutLine: {'line': b'-- Up-to-date symlink: /home/zhr/YOPO-ROS2/Controller/install/so3_quadrotor_simulator/include/ode/libs/numeric/odeint/examples/list_lattice.cpp\n'}
[15.030572] (so3_quadrotor_simulator) StdoutLine: {'line': b'-- Up-to-date symlink: /home/zhr/YOPO-ROS2/Controller/install/so3_quadrotor_simulator/include/ode/libs/numeric/odeint/examples/lorenz_point.cpp\n'}
[15.030609] (so3_quadrotor_simulator) StdoutLine: {'line': b'-- Up-to-date symlink: /home/zhr/YOPO-ROS2/Controller/install/so3_quadrotor_simulator/include/ode/libs/numeric/odeint/examples/mtl/Jamfile.v2\n'}
[15.030645] (so3_quadrotor_simulator) StdoutLine: {'line': b'-- Up-to-date symlink: /home/zhr/YOPO-ROS2/Controller/install/so3_quadrotor_simulator/include/ode/libs/numeric/odeint/examples/mtl/gauss_packet.cpp\n'}
[15.030682] (so3_quadrotor_simulator) StdoutLine: {'line': b'-- Up-to-date symlink: /home/zhr/YOPO-ROS2/Controller/install/so3_quadrotor_simulator/include/ode/libs/numeric/odeint/examples/mtl/implicit_euler_mtl.cpp\n'}
[15.030717] (so3_quadrotor_simulator) StdoutLine: {'line': b'-- Up-to-date symlink: /home/zhr/YOPO-ROS2/Controller/install/so3_quadrotor_simulator/include/ode/libs/numeric/odeint/examples/my_vector.cpp\n'}
[15.030754] (so3_quadrotor_simulator) StdoutLine: {'line': b'-- Up-to-date symlink: /home/zhr/YOPO-ROS2/Controller/install/so3_quadrotor_simulator/include/ode/libs/numeric/odeint/examples/phase_oscillator_ensemble.cpp\n'}
[15.030790] (so3_quadrotor_simulator) StdoutLine: {'line': b'-- Up-to-date symlink: /home/zhr/YOPO-ROS2/Controller/install/so3_quadrotor_simulator/include/ode/libs/numeric/odeint/examples/point_type.hpp\n'}
[15.030826] (so3_quadrotor_simulator) StdoutLine: {'line': b'-- Up-to-date symlink: /home/zhr/YOPO-ROS2/Controller/install/so3_quadrotor_simulator/include/ode/libs/numeric/odeint/examples/quadmath/Jamfile.v2\n'}
[15.030863] (so3_quadrotor_simulator) StdoutLine: {'line': b'-- Up-to-date symlink: /home/zhr/YOPO-ROS2/Controller/install/so3_quadrotor_simulator/include/ode/libs/numeric/odeint/examples/quadmath/black_hole.cpp\n'}
[15.030898] (so3_quadrotor_simulator) StdoutLine: {'line': b'-- Up-to-date symlink: /home/zhr/YOPO-ROS2/Controller/install/so3_quadrotor_simulator/include/ode/libs/numeric/odeint/examples/resizing_lattice.cpp\n'}
[15.030933] (so3_quadrotor_simulator) StdoutLine: {'line': b'-- Up-to-date symlink: /home/zhr/YOPO-ROS2/Controller/install/so3_quadrotor_simulator/include/ode/libs/numeric/odeint/examples/simple1d.cpp\n'}
[15.030968] (so3_quadrotor_simulator) StdoutLine: {'line': b'-- Up-to-date symlink: /home/zhr/YOPO-ROS2/Controller/install/so3_quadrotor_simulator/include/ode/libs/numeric/odeint/examples/solar_system.agr\n'}
[15.031003] (so3_quadrotor_simulator) StdoutLine: {'line': b'-- Up-to-date symlink: /home/zhr/YOPO-ROS2/Controller/install/so3_quadrotor_simulator/include/ode/libs/numeric/odeint/examples/solar_system.cpp\n'}
[15.031039] (so3_quadrotor_simulator) StdoutLine: {'line': b'-- Up-to-date symlink: /home/zhr/YOPO-ROS2/Controller/install/so3_quadrotor_simulator/include/ode/libs/numeric/odeint/examples/stepper_details.cpp\n'}
[15.031073] (so3_quadrotor_simulator) StdoutLine: {'line': b'-- Up-to-date symlink: /home/zhr/YOPO-ROS2/Controller/install/so3_quadrotor_simulator/include/ode/libs/numeric/odeint/examples/stiff_system.cpp\n'}
[15.031108] (so3_quadrotor_simulator) StdoutLine: {'line': b'-- Up-to-date symlink: /home/zhr/YOPO-ROS2/Controller/install/so3_quadrotor_simulator/include/ode/libs/numeric/odeint/examples/stochastic_euler.cpp\n'}
[15.031143] (so3_quadrotor_simulator) StdoutLine: {'line': b'-- Up-to-date symlink: /home/zhr/YOPO-ROS2/Controller/install/so3_quadrotor_simulator/include/ode/libs/numeric/odeint/examples/stuart_landau.cpp\n'}
[15.031181] (so3_quadrotor_simulator) StdoutLine: {'line': b'-- Up-to-date symlink: /home/zhr/YOPO-ROS2/Controller/install/so3_quadrotor_simulator/include/ode/libs/numeric/odeint/examples/thrust/Makefile\n'}
[15.031219] (so3_quadrotor_simulator) StdoutLine: {'line': b'-- Up-to-date symlink: /home/zhr/YOPO-ROS2/Controller/install/so3_quadrotor_simulator/include/ode/libs/numeric/odeint/examples/thrust/lorenz_parameters.cu\n'}
[15.031256] (so3_quadrotor_simulator) StdoutLine: {'line': b'-- Up-to-date symlink: /home/zhr/YOPO-ROS2/Controller/install/so3_quadrotor_simulator/include/ode/libs/numeric/odeint/examples/thrust/phase_oscillator_chain.cu\n'}
[15.031293] (so3_quadrotor_simulator) StdoutLine: {'line': b'-- Up-to-date symlink: /home/zhr/YOPO-ROS2/Controller/install/so3_quadrotor_simulator/include/ode/libs/numeric/odeint/examples/thrust/phase_oscillator_ensemble.cu\n'}
[15.031330] (so3_quadrotor_simulator) StdoutLine: {'line': b'-- Up-to-date symlink: /home/zhr/YOPO-ROS2/Controller/install/so3_quadrotor_simulator/include/ode/libs/numeric/odeint/examples/thrust/relaxation.cu\n'}
[15.031366] (so3_quadrotor_simulator) StdoutLine: {'line': b'-- Up-to-date symlink: /home/zhr/YOPO-ROS2/Controller/install/so3_quadrotor_simulator/include/ode/libs/numeric/odeint/examples/two_dimensional_phase_lattice.cpp\n'}
[15.031405] (so3_quadrotor_simulator) StdoutLine: {'line': b'-- Up-to-date symlink: /home/zhr/YOPO-ROS2/Controller/install/so3_quadrotor_simulator/include/ode/libs/numeric/odeint/examples/ublas/Jamfile.v2\n'}
[15.031445] (so3_quadrotor_simulator) StdoutLine: {'line': b'-- Up-to-date symlink: /home/zhr/YOPO-ROS2/Controller/install/so3_quadrotor_simulator/include/ode/libs/numeric/odeint/examples/ublas/lorenz_ublas.cpp\n'}
[15.031479] (so3_quadrotor_simulator) StdoutLine: {'line': b'-- Up-to-date symlink: /home/zhr/YOPO-ROS2/Controller/install/so3_quadrotor_simulator/include/ode/libs/numeric/odeint/examples/van_der_pol_stiff.cpp\n'}
[15.031517] (so3_quadrotor_simulator) StdoutLine: {'line': b'-- Up-to-date symlink: /home/zhr/YOPO-ROS2/Controller/install/so3_quadrotor_simulator/include/ode/libs/numeric/odeint/examples/vexcl/Jamfile.v2\n'}
[15.031554] (so3_quadrotor_simulator) StdoutLine: {'line': b'-- Up-to-date symlink: /home/zhr/YOPO-ROS2/Controller/install/so3_quadrotor_simulator/include/ode/libs/numeric/odeint/examples/vexcl/lorenz_ensemble.cpp\n'}
[15.031589] (so3_quadrotor_simulator) StdoutLine: {'line': b'-- Up-to-date symlink: /home/zhr/YOPO-ROS2/Controller/install/so3_quadrotor_simulator/include/ode/libs/numeric/odeint/index.html\n'}
[15.031628] (so3_quadrotor_simulator) StdoutLine: {'line': b'-- Up-to-date symlink: /home/zhr/YOPO-ROS2/Controller/install/so3_quadrotor_simulator/include/ode/libs/numeric/odeint/performance/Jamfile.v2\n'}
[15.031676] (so3_quadrotor_simulator) StdoutLine: {'line': b'-- Up-to-date symlink: /home/zhr/YOPO-ROS2/Controller/install/so3_quadrotor_simulator/include/ode/libs/numeric/odeint/performance/fusion_algebra.hpp\n'}
[15.031713] (so3_quadrotor_simulator) StdoutLine: {'line': b'-- Up-to-date symlink: /home/zhr/YOPO-ROS2/Controller/install/so3_quadrotor_simulator/include/ode/libs/numeric/odeint/performance/fusion_explicit_error_rk.hpp\n'}
[15.031749] (so3_quadrotor_simulator) StdoutLine: {'line': b'-- Up-to-date symlink: /home/zhr/YOPO-ROS2/Controller/install/so3_quadrotor_simulator/include/ode/libs/numeric/odeint/performance/fusion_explicit_rk_new.hpp\n'}
[15.031785] (so3_quadrotor_simulator) StdoutLine: {'line': b'-- Up-to-date symlink: /home/zhr/YOPO-ROS2/Controller/install/so3_quadrotor_simulator/include/ode/libs/numeric/odeint/performance/generic_odeint_rk4_lorenz.cpp\n'}
[15.031831] (so3_quadrotor_simulator) StdoutLine: {'line': b'-- Up-to-date symlink: /home/zhr/YOPO-ROS2/Controller/install/so3_quadrotor_simulator/include/ode/libs/numeric/odeint/performance/gsl_rk4_lorenz.cpp\n'}
[15.031866] (so3_quadrotor_simulator) StdoutLine: {'line': b'-- Up-to-date symlink: /home/zhr/YOPO-ROS2/Controller/install/so3_quadrotor_simulator/include/ode/libs/numeric/odeint/performance/lorenz.hpp\n'}
[15.031903] (so3_quadrotor_simulator) StdoutLine: {'line': b'-- Up-to-date symlink: /home/zhr/YOPO-ROS2/Controller/install/so3_quadrotor_simulator/include/ode/libs/numeric/odeint/performance/lorenz_gsl.hpp\n'}
[15.031939] (so3_quadrotor_simulator) StdoutLine: {'line': b'-- Up-to-date symlink: /home/zhr/YOPO-ROS2/Controller/install/so3_quadrotor_simulator/include/ode/libs/numeric/odeint/performance/nr_rk4_lorenz.cpp\n'}
[15.031975] (so3_quadrotor_simulator) StdoutLine: {'line': b'-- Up-to-date symlink: /home/zhr/YOPO-ROS2/Controller/install/so3_quadrotor_simulator/include/ode/libs/numeric/odeint/performance/nr_rk4_phase_lattice.cpp\n'}
[15.032011] (so3_quadrotor_simulator) StdoutLine: {'line': b'-- Up-to-date symlink: /home/zhr/YOPO-ROS2/Controller/install/so3_quadrotor_simulator/include/ode/libs/numeric/odeint/performance/odeint_rk4_lorenz_array.cpp\n'}
[15.032047] (so3_quadrotor_simulator) StdoutLine: {'line': b'-- Up-to-date symlink: /home/zhr/YOPO-ROS2/Controller/install/so3_quadrotor_simulator/include/ode/libs/numeric/odeint/performance/odeint_rk4_lorenz_range.cpp\n'}
[15.032083] (so3_quadrotor_simulator) StdoutLine: {'line': b'-- Up-to-date symlink: /home/zhr/YOPO-ROS2/Controller/install/so3_quadrotor_simulator/include/ode/libs/numeric/odeint/performance/odeint_rk4_phase_lattice.cpp\n'}
[15.032119] (so3_quadrotor_simulator) StdoutLine: {'line': b'-- Up-to-date symlink: /home/zhr/YOPO-ROS2/Controller/install/so3_quadrotor_simulator/include/ode/libs/numeric/odeint/performance/odeint_rk4_phase_lattice_mkl.cpp\n'}
[15.032153] (so3_quadrotor_simulator) StdoutLine: {'line': b'-- Up-to-date symlink: /home/zhr/YOPO-ROS2/Controller/install/so3_quadrotor_simulator/include/ode/libs/numeric/odeint/performance/performance.py\n'}
[15.032189] (so3_quadrotor_simulator) StdoutLine: {'line': b'-- Up-to-date symlink: /home/zhr/YOPO-ROS2/Controller/install/so3_quadrotor_simulator/include/ode/libs/numeric/odeint/performance/phase_lattice.hpp\n'}
[15.032224] (so3_quadrotor_simulator) StdoutLine: {'line': b'-- Up-to-date symlink: /home/zhr/YOPO-ROS2/Controller/install/so3_quadrotor_simulator/include/ode/libs/numeric/odeint/performance/phase_lattice_mkl.hpp\n'}
[15.032262] (so3_quadrotor_simulator) StdoutLine: {'line': b'-- Up-to-date symlink: /home/zhr/YOPO-ROS2/Controller/install/so3_quadrotor_simulator/include/ode/libs/numeric/odeint/performance/plot_result.py\n'}
[15.032304] (so3_quadrotor_simulator) StdoutLine: {'line': b'-- Up-to-date symlink: /home/zhr/YOPO-ROS2/Controller/install/so3_quadrotor_simulator/include/ode/libs/numeric/odeint/performance/rk4_lorenz.f\n'}
[15.032340] (so3_quadrotor_simulator) StdoutLine: {'line': b'-- Up-to-date symlink: /home/zhr/YOPO-ROS2/Controller/install/so3_quadrotor_simulator/include/ode/libs/numeric/odeint/performance/rk_performance_test_case.hpp\n'}
[15.032375] (so3_quadrotor_simulator) StdoutLine: {'line': b'-- Up-to-date symlink: /home/zhr/YOPO-ROS2/Controller/install/so3_quadrotor_simulator/include/ode/libs/numeric/odeint/performance/rt_algebra.hpp\n'}
[15.032411] (so3_quadrotor_simulator) StdoutLine: {'line': b'-- Up-to-date symlink: /home/zhr/YOPO-ROS2/Controller/install/so3_quadrotor_simulator/include/ode/libs/numeric/odeint/performance/rt_explicit_rk.hpp\n'}
[15.032450] (so3_quadrotor_simulator) StdoutLine: {'line': b'-- Up-to-date symlink: /home/zhr/YOPO-ROS2/Controller/install/so3_quadrotor_simulator/include/ode/libs/numeric/odeint/performance/rt_generic_rk4_lorenz.cpp\n'}
[15.032487] (so3_quadrotor_simulator) StdoutLine: {'line': b'-- Up-to-date symlink: /home/zhr/YOPO-ROS2/Controller/install/so3_quadrotor_simulator/include/ode/libs/numeric/odeint/performance/rt_generic_rk4_phase_lattice.cpp\n'}
[15.032522] (so3_quadrotor_simulator) StdoutLine: {'line': b'-- Up-to-date symlink: /home/zhr/YOPO-ROS2/Controller/install/so3_quadrotor_simulator/include/ode/libs/numeric/odeint/test/Jamfile.v2\n'}
[15.032557] (so3_quadrotor_simulator) StdoutLine: {'line': b'-- Up-to-date symlink: /home/zhr/YOPO-ROS2/Controller/install/so3_quadrotor_simulator/include/ode/libs/numeric/odeint/test/adams_bashforth.cpp\n'}
[15.032595] (so3_quadrotor_simulator) StdoutLine: {'line': b'-- Up-to-date symlink: /home/zhr/YOPO-ROS2/Controller/install/so3_quadrotor_simulator/include/ode/libs/numeric/odeint/test/adams_bashforth_moulton.cpp\n'}
[15.032630] (so3_quadrotor_simulator) StdoutLine: {'line': b'-- Up-to-date symlink: /home/zhr/YOPO-ROS2/Controller/install/so3_quadrotor_simulator/include/ode/libs/numeric/odeint/test/adams_moulton.cpp\n'}
[15.032667] (so3_quadrotor_simulator) StdoutLine: {'line': b'-- Up-to-date symlink: /home/zhr/YOPO-ROS2/Controller/install/so3_quadrotor_simulator/include/ode/libs/numeric/odeint/test/boost_units_helpers.hpp\n'}
[15.032702] (so3_quadrotor_simulator) StdoutLine: {'line': b'-- Up-to-date symlink: /home/zhr/YOPO-ROS2/Controller/install/so3_quadrotor_simulator/include/ode/libs/numeric/odeint/test/bulirsch_stoer.cpp\n'}
[15.032737] (so3_quadrotor_simulator) StdoutLine: {'line': b'-- Up-to-date symlink: /home/zhr/YOPO-ROS2/Controller/install/so3_quadrotor_simulator/include/ode/libs/numeric/odeint/test/const_range.hpp\n'}
[15.032772] (so3_quadrotor_simulator) StdoutLine: {'line': b'-- Up-to-date symlink: /home/zhr/YOPO-ROS2/Controller/install/so3_quadrotor_simulator/include/ode/libs/numeric/odeint/test/default_operations.cpp\n'}
[15.032808] (so3_quadrotor_simulator) StdoutLine: {'line': b'-- Up-to-date symlink: /home/zhr/YOPO-ROS2/Controller/install/so3_quadrotor_simulator/include/ode/libs/numeric/odeint/test/diagnostic_state_type.hpp\n'}
[15.032843] (so3_quadrotor_simulator) StdoutLine: {'line': b'-- Up-to-date symlink: /home/zhr/YOPO-ROS2/Controller/install/so3_quadrotor_simulator/include/ode/libs/numeric/odeint/test/dummy_odes.hpp\n'}
[15.032880] (so3_quadrotor_simulator) StdoutLine: {'line': b'-- Up-to-date symlink: /home/zhr/YOPO-ROS2/Controller/install/so3_quadrotor_simulator/include/ode/libs/numeric/odeint/test/dummy_steppers.hpp\n'}
[15.032915] (so3_quadrotor_simulator) StdoutLine: {'line': b'-- Up-to-date symlink: /home/zhr/YOPO-ROS2/Controller/install/so3_quadrotor_simulator/include/ode/libs/numeric/odeint/test/euler_stepper.cpp\n'}
[15.032949] (so3_quadrotor_simulator) StdoutLine: {'line': b'-- Up-to-date symlink: /home/zhr/YOPO-ROS2/Controller/install/so3_quadrotor_simulator/include/ode/libs/numeric/odeint/test/fusion_algebra.cpp\n'}
[15.032983] (so3_quadrotor_simulator) StdoutLine: {'line': b'-- Up-to-date symlink: /home/zhr/YOPO-ROS2/Controller/install/so3_quadrotor_simulator/include/ode/libs/numeric/odeint/test/generation.cpp\n'}
[15.033020] (so3_quadrotor_simulator) StdoutLine: {'line': b'-- Up-to-date symlink: /home/zhr/YOPO-ROS2/Controller/install/so3_quadrotor_simulator/include/ode/libs/numeric/odeint/test/generic_error_stepper.cpp\n'}
[15.033055] (so3_quadrotor_simulator) StdoutLine: {'line': b'-- Up-to-date symlink: /home/zhr/YOPO-ROS2/Controller/install/so3_quadrotor_simulator/include/ode/libs/numeric/odeint/test/generic_stepper.cpp\n'}
[15.033089] (so3_quadrotor_simulator) StdoutLine: {'line': b'-- Up-to-date symlink: /home/zhr/YOPO-ROS2/Controller/install/so3_quadrotor_simulator/include/ode/libs/numeric/odeint/test/implicit_euler.cpp\n'}
[15.033125] (so3_quadrotor_simulator) StdoutLine: {'line': b'-- Up-to-date symlink: /home/zhr/YOPO-ROS2/Controller/install/so3_quadrotor_simulator/include/ode/libs/numeric/odeint/test/integrate.cpp\n'}
[15.033159] (so3_quadrotor_simulator) StdoutLine: {'line': b'-- Up-to-date symlink: /home/zhr/YOPO-ROS2/Controller/install/so3_quadrotor_simulator/include/ode/libs/numeric/odeint/test/integrate_implicit.cpp\n'}
[15.033180] (-) TimerEvent: {}
[15.033225] (so3_quadrotor_simulator) StdoutLine: {'line': b'-- Up-to-date symlink: /home/zhr/YOPO-ROS2/Controller/install/so3_quadrotor_simulator/include/ode/libs/numeric/odeint/test/integrate_times.cpp\n'}
[15.033258] (so3_quadrotor_simulator) StdoutLine: {'line': b'-- Up-to-date symlink: /home/zhr/YOPO-ROS2/Controller/install/so3_quadrotor_simulator/include/ode/libs/numeric/odeint/test/is_pair.cpp\n'}
[15.033285] (so3_quadrotor_simulator) StdoutLine: {'line': b'-- Up-to-date symlink: /home/zhr/YOPO-ROS2/Controller/install/so3_quadrotor_simulator/include/ode/libs/numeric/odeint/test/is_resizeable.cpp\n'}
[15.033313] (so3_quadrotor_simulator) StdoutLine: {'line': b'-- Up-to-date symlink: /home/zhr/YOPO-ROS2/Controller/install/so3_quadrotor_simulator/include/ode/libs/numeric/odeint/test/numeric/Jamfile.v2\n'}
[15.033340] (so3_quadrotor_simulator) StdoutLine: {'line': b'-- Up-to-date symlink: /home/zhr/YOPO-ROS2/Controller/install/so3_quadrotor_simulator/include/ode/libs/numeric/odeint/test/numeric/rosenbrock.cpp\n'}
[15.033373] (so3_quadrotor_simulator) StdoutLine: {'line': b'-- Up-to-date symlink: /home/zhr/YOPO-ROS2/Controller/install/so3_quadrotor_simulator/include/ode/libs/numeric/odeint/test/numeric/runge_kutta.cpp\n'}
[15.033409] (so3_quadrotor_simulator) StdoutLine: {'line': b'-- Up-to-date symlink: /home/zhr/YOPO-ROS2/Controller/install/so3_quadrotor_simulator/include/ode/libs/numeric/odeint/test/numeric/symplectic.cpp\n'}
[15.033446] (so3_quadrotor_simulator) StdoutLine: {'line': b'-- Up-to-date symlink: /home/zhr/YOPO-ROS2/Controller/install/so3_quadrotor_simulator/include/ode/libs/numeric/odeint/test/prepare_stepper_testing.hpp\n'}
[15.033484] (so3_quadrotor_simulator) StdoutLine: {'line': b'-- Up-to-date symlink: /home/zhr/YOPO-ROS2/Controller/install/so3_quadrotor_simulator/include/ode/libs/numeric/odeint/test/range_algebra.cpp\n'}
[15.033519] (so3_quadrotor_simulator) StdoutLine: {'line': b'-- Up-to-date symlink: /home/zhr/YOPO-ROS2/Controller/install/so3_quadrotor_simulator/include/ode/libs/numeric/odeint/test/resize.cpp\n'}
[15.033555] (so3_quadrotor_simulator) StdoutLine: {'line': b'-- Up-to-date symlink: /home/zhr/YOPO-ROS2/Controller/install/so3_quadrotor_simulator/include/ode/libs/numeric/odeint/test/resizing.cpp\n'}
[15.033590] (so3_quadrotor_simulator) StdoutLine: {'line': b'-- Up-to-date symlink: /home/zhr/YOPO-ROS2/Controller/install/so3_quadrotor_simulator/include/ode/libs/numeric/odeint/test/rosenbrock4.cpp\n'}
[15.033624] (so3_quadrotor_simulator) StdoutLine: {'line': b'-- Up-to-date symlink: /home/zhr/YOPO-ROS2/Controller/install/so3_quadrotor_simulator/include/ode/libs/numeric/odeint/test/runge_kutta_concepts.cpp\n'}
[15.033660] (so3_quadrotor_simulator) StdoutLine: {'line': b'-- Up-to-date symlink: /home/zhr/YOPO-ROS2/Controller/install/so3_quadrotor_simulator/include/ode/libs/numeric/odeint/test/runge_kutta_controlled_concepts.cpp\n'}
[15.033696] (so3_quadrotor_simulator) StdoutLine: {'line': b'-- Up-to-date symlink: /home/zhr/YOPO-ROS2/Controller/install/so3_quadrotor_simulator/include/ode/libs/numeric/odeint/test/runge_kutta_error_concepts.cpp\n'}
[15.033731] (so3_quadrotor_simulator) StdoutLine: {'line': b'-- Up-to-date symlink: /home/zhr/YOPO-ROS2/Controller/install/so3_quadrotor_simulator/include/ode/libs/numeric/odeint/test/same_size.cpp\n'}
[15.033765] (so3_quadrotor_simulator) StdoutLine: {'line': b'-- Up-to-date symlink: /home/zhr/YOPO-ROS2/Controller/install/so3_quadrotor_simulator/include/ode/libs/numeric/odeint/test/stepper_copying.cpp\n'}
[15.033802] (so3_quadrotor_simulator) StdoutLine: {'line': b'-- Up-to-date symlink: /home/zhr/YOPO-ROS2/Controller/install/so3_quadrotor_simulator/include/ode/libs/numeric/odeint/test/stepper_with_ranges.cpp\n'}
[15.033836] (so3_quadrotor_simulator) StdoutLine: {'line': b'-- Up-to-date symlink: /home/zhr/YOPO-ROS2/Controller/install/so3_quadrotor_simulator/include/ode/libs/numeric/odeint/test/stepper_with_units.cpp\n'}
[15.033871] (so3_quadrotor_simulator) StdoutLine: {'line': b'-- Up-to-date symlink: /home/zhr/YOPO-ROS2/Controller/install/so3_quadrotor_simulator/include/ode/libs/numeric/odeint/test/symplectic_steppers.cpp\n'}
[15.033907] (so3_quadrotor_simulator) StdoutLine: {'line': b'-- Up-to-date symlink: /home/zhr/YOPO-ROS2/Controller/install/so3_quadrotor_simulator/include/ode/libs/numeric/odeint/test/trivial_state.cpp\n'}
[15.033940] (so3_quadrotor_simulator) StdoutLine: {'line': b'-- Up-to-date symlink: /home/zhr/YOPO-ROS2/Controller/install/so3_quadrotor_simulator/include/ode/libs/numeric/odeint/test/vector_space_1d.hpp\n'}
[15.033978] (so3_quadrotor_simulator) StdoutLine: {'line': b'-- Up-to-date symlink: /home/zhr/YOPO-ROS2/Controller/install/so3_quadrotor_simulator/include/ode/libs/numeric/odeint/test_external/gmp/Jamfile.v2\n'}
[15.034015] (so3_quadrotor_simulator) StdoutLine: {'line': b'-- Up-to-date symlink: /home/zhr/YOPO-ROS2/Controller/install/so3_quadrotor_simulator/include/ode/libs/numeric/odeint/test_external/gmp/check_gmp.cpp\n'}
[15.034052] (so3_quadrotor_simulator) StdoutLine: {'line': b'-- Up-to-date symlink: /home/zhr/YOPO-ROS2/Controller/install/so3_quadrotor_simulator/include/ode/libs/numeric/odeint/test_external/gmp/gmp_integrate.cpp\n'}
[15.034089] (so3_quadrotor_simulator) StdoutLine: {'line': b'-- Up-to-date symlink: /home/zhr/YOPO-ROS2/Controller/install/so3_quadrotor_simulator/include/ode/libs/numeric/odeint/test_external/gsl/Jamfile.v2\n'}
[15.034126] (so3_quadrotor_simulator) StdoutLine: {'line': b'-- Up-to-date symlink: /home/zhr/YOPO-ROS2/Controller/install/so3_quadrotor_simulator/include/ode/libs/numeric/odeint/test_external/gsl/check_gsl.cpp\n'}
[15.034161] (so3_quadrotor_simulator) StdoutLine: {'line': b'-- Up-to-date symlink: /home/zhr/YOPO-ROS2/Controller/install/so3_quadrotor_simulator/include/ode/libs/numeric/odeint/test_external/mkl/Jamfile.v2\n'}
[15.034198] (so3_quadrotor_simulator) StdoutLine: {'line': b'-- Up-to-date symlink: /home/zhr/YOPO-ROS2/Controller/install/so3_quadrotor_simulator/include/ode/libs/numeric/odeint/test_external/mkl/check_mkl.cpp\n'}
[15.034233] (so3_quadrotor_simulator) StdoutLine: {'line': b'-- Up-to-date symlink: /home/zhr/YOPO-ROS2/Controller/install/so3_quadrotor_simulator/include/ode/libs/numeric/odeint/test_external/mtl4/Jamfile.v2\n'}
[15.034269] (so3_quadrotor_simulator) StdoutLine: {'line': b'-- Up-to-date symlink: /home/zhr/YOPO-ROS2/Controller/install/so3_quadrotor_simulator/include/ode/libs/numeric/odeint/test_external/mtl4/mtl4_resize.cpp\n'}
[15.034306] (so3_quadrotor_simulator) StdoutLine: {'line': b'-- Up-to-date symlink: /home/zhr/YOPO-ROS2/Controller/install/so3_quadrotor_simulator/include/ode/libs/numeric/odeint/test_external/thrust/Makefile\n'}
[15.034343] (so3_quadrotor_simulator) StdoutLine: {'line': b'-- Up-to-date symlink: /home/zhr/YOPO-ROS2/Controller/install/so3_quadrotor_simulator/include/ode/libs/numeric/odeint/test_external/thrust/check_thrust.cu\n'}
[15.034380] (so3_quadrotor_simulator) StdoutLine: {'line': b'-- Up-to-date symlink: /home/zhr/YOPO-ROS2/Controller/install/so3_quadrotor_simulator/include/ode/libs/numeric/odeint/test_external/vexcl/Jamfile.v2\n'}
[15.034415] (so3_quadrotor_simulator) StdoutLine: {'line': b'-- Up-to-date symlink: /home/zhr/YOPO-ROS2/Controller/install/so3_quadrotor_simulator/include/ode/libs/numeric/odeint/test_external/vexcl/lorenz.cpp\n'}
[15.034450] (so3_quadrotor_simulator) StdoutLine: {'line': b'-- Up-to-date symlink: /home/zhr/YOPO-ROS2/Controller/install/so3_quadrotor_simulator/include/quadrotor_simulator/Quadrotor.h\n'}
[15.034618] (so3_quadrotor_simulator) StdoutLine: {'line': b'-- Up-to-date symlink: /home/zhr/YOPO-ROS2/Controller/install/so3_quadrotor_simulator/share/so3_quadrotor_simulator/config/rviz.rviz\n'}
[15.034654] (so3_quadrotor_simulator) StdoutLine: {'line': b'-- Up-to-date symlink: /home/zhr/YOPO-ROS2/Controller/install/so3_quadrotor_simulator/share/so3_quadrotor_simulator/config/uav.dae\n'}
[15.034766] (so3_quadrotor_simulator) StdoutLine: {'line': b'-- Up-to-date symlink: /home/zhr/YOPO-ROS2/Controller/install/so3_quadrotor_simulator/share/so3_quadrotor_simulator/launch/simulator_attitude_control.launch\n'}
[15.034799] (so3_quadrotor_simulator) StdoutLine: {'line': b'-- Up-to-date symlink: /home/zhr/YOPO-ROS2/Controller/install/so3_quadrotor_simulator/share/so3_quadrotor_simulator/launch/simulator_attitude_control.launch.py\n'}
[15.034832] (so3_quadrotor_simulator) StdoutLine: {'line': b'-- Up-to-date symlink: /home/zhr/YOPO-ROS2/Controller/install/so3_quadrotor_simulator/share/so3_quadrotor_simulator/launch/simulator_position_control.launch\n'}
[15.034863] (so3_quadrotor_simulator) StdoutLine: {'line': b'-- Up-to-date symlink: /home/zhr/YOPO-ROS2/Controller/install/so3_quadrotor_simulator/share/so3_quadrotor_simulator/launch/simulator_position_control.launch.py\n'}
[15.034966] (so3_quadrotor_simulator) StdoutLine: {'line': b'-- Symlinking: /home/zhr/YOPO-ROS2/Controller/install/so3_quadrotor_simulator/share/so3_quadrotor_simulator/meshes/uav.dae\n'}
[15.038388] (so3_quadrotor_simulator) StdoutLine: {'line': b'-- Up-to-date symlink: /home/zhr/YOPO-ROS2/Controller/install/so3_quadrotor_simulator/share/so3_quadrotor_simulator/environment/library_path.sh\n'}
[15.038449] (so3_quadrotor_simulator) StdoutLine: {'line': b'-- Up-to-date symlink: /home/zhr/YOPO-ROS2/Controller/install/so3_quadrotor_simulator/share/so3_quadrotor_simulator/environment/library_path.dsv\n'}
[15.038548] (so3_quadrotor_simulator) StdoutLine: {'line': b'-- Up-to-date symlink: /home/zhr/YOPO-ROS2/Controller/install/so3_quadrotor_simulator/share/ament_index/resource_index/package_run_dependencies/so3_quadrotor_simulator\n'}
[15.038638] (so3_quadrotor_simulator) StdoutLine: {'line': b'-- Up-to-date symlink: /home/zhr/YOPO-ROS2/Controller/install/so3_quadrotor_simulator/share/ament_index/resource_index/parent_prefix_path/so3_quadrotor_simulator\n'}
[15.038682] (so3_quadrotor_simulator) StdoutLine: {'line': b'-- Up-to-date symlink: /home/zhr/YOPO-ROS2/Controller/install/so3_quadrotor_simulator/share/so3_quadrotor_simulator/environment/ament_prefix_path.sh\n'}
[15.038714] (so3_quadrotor_simulator) StdoutLine: {'line': b'-- Up-to-date symlink: /home/zhr/YOPO-ROS2/Controller/install/so3_quadrotor_simulator/share/so3_quadrotor_simulator/environment/ament_prefix_path.dsv\n'}
[15.038746] (so3_quadrotor_simulator) StdoutLine: {'line': b'-- Up-to-date symlink: /home/zhr/YOPO-ROS2/Controller/install/so3_quadrotor_simulator/share/so3_quadrotor_simulator/environment/path.sh\n'}
[15.038788] (so3_quadrotor_simulator) StdoutLine: {'line': b'-- Up-to-date symlink: /home/zhr/YOPO-ROS2/Controller/install/so3_quadrotor_simulator/share/so3_quadrotor_simulator/environment/path.dsv\n'}
[15.038827] (so3_quadrotor_simulator) StdoutLine: {'line': b'-- Up-to-date symlink: /home/zhr/YOPO-ROS2/Controller/install/so3_quadrotor_simulator/share/so3_quadrotor_simulator/local_setup.bash\n'}
[15.038865] (so3_quadrotor_simulator) StdoutLine: {'line': b'-- Up-to-date symlink: /home/zhr/YOPO-ROS2/Controller/install/so3_quadrotor_simulator/share/so3_quadrotor_simulator/local_setup.sh\n'}
[15.038906] (so3_quadrotor_simulator) StdoutLine: {'line': b'-- Up-to-date symlink: /home/zhr/YOPO-ROS2/Controller/install/so3_quadrotor_simulator/share/so3_quadrotor_simulator/local_setup.zsh\n'}
[15.038953] (so3_quadrotor_simulator) StdoutLine: {'line': b'-- Up-to-date symlink: /home/zhr/YOPO-ROS2/Controller/install/so3_quadrotor_simulator/share/so3_quadrotor_simulator/local_setup.dsv\n'}
[15.038992] (so3_quadrotor_simulator) StdoutLine: {'line': b'-- Symlinking: /home/zhr/YOPO-ROS2/Controller/install/so3_quadrotor_simulator/share/so3_quadrotor_simulator/package.dsv\n'}
[15.042313] (so3_quadrotor_simulator) StdoutLine: {'line': b'-- Up-to-date symlink: /home/zhr/YOPO-ROS2/Controller/install/so3_quadrotor_simulator/share/ament_index/resource_index/packages/so3_quadrotor_simulator\n'}
[15.042363] (so3_quadrotor_simulator) StdoutLine: {'line': b'-- Up-to-date symlink: /home/zhr/YOPO-ROS2/Controller/install/so3_quadrotor_simulator/share/so3_quadrotor_simulator/cmake/ament_cmake_export_dependencies-extras.cmake\n'}
[15.042413] (so3_quadrotor_simulator) StdoutLine: {'line': b'-- Up-to-date symlink: /home/zhr/YOPO-ROS2/Controller/install/so3_quadrotor_simulator/share/so3_quadrotor_simulator/cmake/ament_cmake_export_include_directories-extras.cmake\n'}
[15.042466] (so3_quadrotor_simulator) StdoutLine: {'line': b'-- Up-to-date symlink: /home/zhr/YOPO-ROS2/Controller/install/so3_quadrotor_simulator/share/so3_quadrotor_simulator/cmake/ament_cmake_export_libraries-extras.cmake\n'}
[15.042520] (so3_quadrotor_simulator) StdoutLine: {'line': b'-- Up-to-date symlink: /home/zhr/YOPO-ROS2/Controller/install/so3_quadrotor_simulator/share/so3_quadrotor_simulator/cmake/so3_quadrotor_simulatorConfig.cmake\n'}
[15.042554] (so3_quadrotor_simulator) StdoutLine: {'line': b'-- Up-to-date symlink: /home/zhr/YOPO-ROS2/Controller/install/so3_quadrotor_simulator/share/so3_quadrotor_simulator/cmake/so3_quadrotor_simulatorConfig-version.cmake\n'}
[15.042602] (so3_quadrotor_simulator) StdoutLine: {'line': b'-- Up-to-date symlink: /home/zhr/YOPO-ROS2/Controller/install/so3_quadrotor_simulator/share/so3_quadrotor_simulator/package.xml\n'}
[15.043532] (so3_quadrotor_simulator) CommandEnded: {'returncode': 0}
[15.052538] (so3_quadrotor_simulator) JobEnded: {'identifier': 'so3_quadrotor_simulator', 'rc': 0}
[15.053585] (-) EventReactorShutdown: {}
